species,height
Dodecatheon hendersonii,23
Dodecatheon hendersonii,23
Dodecatheon hendersonii,27
Dodecatheon hendersonii,20
Dodecatheon hendersonii,35
Dodecatheon hendersonii,24
Dodecatheon hendersonii,21
Dodecatheon hendersonii,8
Dodecatheon hendersonii,26
Dodecatheon hendersonii,21
Dodecatheon hendersonii,29
Dodecatheon hendersonii,29
Dodecatheon hendersonii,37
Dodecatheon hendersonii,29
Dodecatheon hendersonii,25
Dodecatheon hendersonii,21
Dodecatheon hendersonii,21
Dodecatheon hendersonii,16
Dodecatheon hendersonii,21
Dodecatheon hendersonii,21
Dodecatheon hendersonii,30
Dodecatheon hendersonii,24
Dodecatheon hendersonii,27
Dodecatheon hendersonii,35
Dodecatheon hendersonii,17
Dodecatheon hendersonii,19
Dodecatheon hendersonii,16
Dodecatheon hendersonii,29
Dodecatheon hendersonii,19
Dodecatheon hendersonii,30
Dodecatheon hendersonii,26
Dodecatheon hendersonii,24
Dodecatheon hendersonii,24
Dodecatheon hendersonii,20
Dodecatheon hendersonii,18
Dodecatheon hendersonii,25
Dodecatheon hendersonii,19
Dodecatheon hendersonii,18
Dodecatheon hendersonii,21
Dodecatheon hendersonii,28
Dodecatheon hendersonii,26
Dodecatheon hendersonii,22
Dodecatheon hendersonii,27
Dodecatheon hendersonii,26
Dodecatheon hendersonii,14
Dodecatheon hendersonii,20
Dodecatheon hendersonii,25
Dodecatheon hendersonii,26
Thysanocarpus curvipes,24
Thysanocarpus curvipes,28
Thysanocarpus curvipes,26
Thysanocarpus curvipes,34
Thysanocarpus curvipes,31
Thysanocarpus curvipes,24
Thysanocarpus curvipes,19
Thysanocarpus curvipes,30
Thysanocarpus curvipes,32
Thysanocarpus curvipes,15
Thysanocarpus curvipes,28
Thysanocarpus curvipes,25
Thysanocarpus curvipes,23
Thysanocarpus curvipes,20
Thysanocarpus curvipes,21
Thysanocarpus curvipes,14
Thysanocarpus curvipes,23
Thysanocarpus curvipes,21
Thysanocarpus curvipes,25
Thysanocarpus curvipes,21
Thysanocarpus curvipes,12
Thysanocarpus curvipes,14
Thysanocarpus curvipes,17
Thysanocarpus curvipes,27
Thysanocarpus curvipes,21
Thysanocarpus curvipes,14
Thysanocarpus curvipes,27
Thysanocarpus curvipes,22
Thysanocarpus curvipes,18
Thysanocarpus curvipes,17
Thysanocarpus curvipes,15
Thysanocarpus curvipes,30
Thysanocarpus curvipes,21
Thysanocarpus curvipes,27
Thysanocarpus curvipes,20
Thysanocarpus curvipes,20
Thysanocarpus curvipes,22
Thysanocarpus curvipes,34
Thysanocarpus curvipes,29
Thysanocarpus curvipes,31
Thysanocarpus curvipes,24
Thysanocarpus curvipes,22
Thysanocarpus curvipes,18
Thysanocarpus curvipes,31
Thysanocarpus curvipes,31
Thysanocarpus curvipes,25
Thysanocarpus curvipes,25
Thysanocarpus curvipes,25
Leptosyne bigelovii,29
Leptosyne bigelovii,20
Leptosyne bigelovii,25
Leptosyne bigelovii,33
Leptosyne bigelovii,40
Leptosyne bigelovii,47
Leptosyne bigelovii,31
Leptosyne bigelovii,38
Leptosyne bigelovii,26
Leptosyne bigelovii,24
Leptosyne bigelovii,24
Leptosyne bigelovii,37
Leptosyne bigelovii,48
Leptosyne bigelovii,35
Leptosyne bigelovii,30
Leptosyne bigelovii,26
Leptosyne bigelovii,35
Leptosyne bigelovii,33
Leptosyne bigelovii,15
Leptosyne bigelovii,18
Leptosyne bigelovii,15
Leptosyne bigelovii,20
Leptosyne bigelovii,15
Leptosyne bigelovii,11
Leptosyne bigelovii,25
Leptosyne bigelovii,22
Leptosyne bigelovii,22
Leptosyne bigelovii,26
Leptosyne bigelovii,24
Leptosyne bigelovii,23
Leptosyne bigelovii,28
Leptosyne bigelovii,31
Leptosyne bigelovii,23
Leptosyne bigelovii,20
Leptosyne bigelovii,26
Leptosyne bigelovii,29
Gilia ochroleuca,8
Gilia ochroleuca,7
Gilia ochroleuca,9
Gilia ochroleuca,8
Gilia ochroleuca,11
Gilia ochroleuca,10
Gilia ochroleuca,6
Gilia ochroleuca,4
Gilia ochroleuca,7
Gilia ochroleuca,6
Gilia ochroleuca,13
Gilia ochroleuca,5
Gilia ochroleuca,4
Gilia ochroleuca,5
Gilia ochroleuca,12
Gilia ochroleuca,10
Gilia ochroleuca,10
Gilia ochroleuca,6
Gilia ochroleuca,6
Gilia ochroleuca,7
Gilia ochroleuca,5
Gilia ochroleuca,4
Gilia ochroleuca,2
Gilia ochroleuca,18
Gilia ochroleuca,9
Gilia ochroleuca,8
Gilia ochroleuca,14
Gilia ochroleuca,15
Gilia ochroleuca,17
Gilia ochroleuca,11
Gilia ochroleuca,16
Gilia ochroleuca,12
Gilia ochroleuca,6
Gilia ochroleuca,10
Gilia ochroleuca,12
Gilia ochroleuca,13
Gilia ochroleuca,8
Gilia ochroleuca,10
Gilia ochroleuca,14
Gilia ochroleuca,13
Leptosiphon parviflorus,7
Leptosiphon parviflorus,6
Leptosiphon parviflorus,4
Leptosiphon parviflorus,7
Leptosiphon parviflorus,7
Leptosiphon parviflorus,17
Leptosiphon parviflorus,9
Leptosiphon parviflorus,13
Leptosiphon parviflorus,6
Leptosiphon parviflorus,5
Leptosiphon parviflorus,14
Leptosiphon parviflorus,14
Leptosiphon parviflorus,11
Leptosiphon parviflorus,7
Leptosiphon parviflorus,10
Leptosiphon parviflorus,12
Leptosiphon parviflorus,11
Leptosiphon parviflorus,9
Leptosiphon parviflorus,6
Leptosiphon parviflorus,11
Leptosiphon parviflorus,13
Leptosiphon parviflorus,14
Leptosiphon parviflorus,14
Leptosiphon parviflorus,13
Leptosiphon parviflorus,13
Leptosiphon parviflorus,14
Leptosiphon parviflorus,15
Leptosiphon parviflorus,11
Leptosiphon parviflorus,14
Leptosiphon parviflorus,13
Leptosiphon parviflorus,6
Leptosiphon parviflorus,9
Leptosiphon parviflorus,7
Leptosiphon parviflorus,5
Leptosiphon parviflorus,7
Leptosiphon parviflorus,7
Leptosiphon parviflorus,10
Leptosiphon parviflorus,10
Leptosiphon parviflorus,12
Leptosiphon parviflorus,13
Microseris douglasii,12
Microseris douglasii,17
Microseris douglasii,14
Microseris douglasii,25
Microseris douglasii,17
Microseris douglasii,14
Microseris douglasii,20
Microseris douglasii,10
Microseris douglasii,11
Microseris douglasii,10
Microseris douglasii,16
Microseris douglasii,16
Microseris douglasii,16
Microseris douglasii,17
Microseris douglasii,18
Microseris douglasii,14
Microseris douglasii,15
Microseris douglasii,17
Microseris douglasii,15
Microseris douglasii,13
Microseris douglasii,14
Microseris douglasii,15
Microseris douglasii,14
Microseris douglasii,13
Microseris douglasii,21
Microseris douglasii,20
Microseris douglasii,20
Microseris douglasii,23
Microseris douglasii,23
Microseris douglasii,17
Microseris douglasii,13
Microseris douglasii,19
Microseris douglasii,14
Microseris douglasii,17
Microseris douglasii,22
Microseris douglasii,18
Microseris douglasii,18
Microseris douglasii,15
Microseris douglasii,16
Microseris douglasii,9
Agoseris heterophylla,22
Agoseris heterophylla,16
Agoseris heterophylla,12
Agoseris heterophylla,26
Agoseris heterophylla,19
Agoseris heterophylla,25
Agoseris heterophylla,19
Agoseris heterophylla,23
Agoseris heterophylla,20
Agoseris heterophylla,14
Agoseris heterophylla,22
Agoseris heterophylla,23
Agoseris heterophylla,18
Agoseris heterophylla,19
Agoseris heterophylla,24
Agoseris heterophylla,22
Agoseris heterophylla,26
Agoseris heterophylla,22
Agoseris heterophylla,18
Agoseris heterophylla,17
Agoseris heterophylla,17
Agoseris heterophylla,21
Agoseris heterophylla,17
Agoseris heterophylla,15
Agoseris heterophylla,14
Agoseris heterophylla,16
Agoseris heterophylla,17
Agoseris heterophylla,16
Agoseris heterophylla,19
Agoseris heterophylla,17
Agoseris heterophylla,19
Agoseris heterophylla,13
Agoseris heterophylla,12
Agoseris heterophylla,14
Agoseris heterophylla,16
Agoseris heterophylla,14
Agoseris heterophylla,22
Agoseris heterophylla,17
Agoseris heterophylla,15
Agoseris heterophylla,22
Erodium moschatum,20
Erodium moschatum,7
Erodium moschatum,21
Erodium moschatum,11
Erodium moschatum,11
Erodium moschatum,24
Erodium moschatum,9
Erodium moschatum,7
Erodium moschatum,21
Erodium moschatum,14
Erodium moschatum,14
Erodium moschatum,17
Erodium moschatum,23
Erodium moschatum,17
Erodium moschatum,19
Erodium moschatum,22
Erodium moschatum,18
Erodium moschatum,14
Erodium moschatum,14
Erodium moschatum,21
Erodium moschatum,23
Erodium moschatum,26
Erodium moschatum,24
Erodium moschatum,29
Erodium moschatum,24
Erodium moschatum,17
Erodium moschatum,26
Erodium moschatum,48
Erodium moschatum,31
Erodium moschatum,37
Erodium moschatum,18
Erodium moschatum,14
Erodium moschatum,21
Erodium moschatum,25
Erodium moschatum,6
Erodium moschatum,23
Erodium moschatum,18
Erodium moschatum,14
Erodium moschatum,15
Erodium moschatum,21
Bowlesia incana,16
Bowlesia incana,13
Bowlesia incana,9
Bowlesia incana,20
Bowlesia incana,10
Bowlesia incana,9
Bowlesia incana,6
Bowlesia incana,13
Bowlesia incana,17
Bowlesia incana,12
Bowlesia incana,16
Bowlesia incana,10
Bowlesia incana,29
Bowlesia incana,31
Bowlesia incana,37
Bowlesia incana,28
Bowlesia incana,27
Bowlesia incana,32
Bowlesia incana,31
Bowlesia incana,29
Bowlesia incana,68
Bowlesia incana,13
Bowlesia incana,21
Bowlesia incana,8
Bowlesia incana,8
Bowlesia incana,15
Bowlesia incana,12
Bowlesia incana,22
Bowlesia incana,29
Bowlesia incana,29
Bowlesia incana,36
Bowlesia incana,33
Bowlesia incana,41
Bowlesia incana,53
Bowlesia incana,38
Bowlesia incana,49
Bowlesia incana,24
Bowlesia incana,22
Bowlesia incana,20
Bowlesia incana,25
Galium aparine,33
Galium aparine,41
Galium aparine,36
Galium aparine,26
Galium aparine,26
Galium aparine,31
Galium aparine,43
Galium aparine,45
Galium aparine,50
Galium aparine,30
Galium aparine,42
Galium aparine,58
Galium aparine,38
Galium aparine,34
Galium aparine,45
Galium aparine,45
Galium aparine,52
Galium aparine,94
Galium aparine,74
Galium aparine,35
Galium aparine,62
Galium aparine,24
Galium aparine,26
Galium aparine,58
Galium aparine,54
Galium aparine,25
Galium aparine,25
Galium aparine,29
Galium aparine,31
Galium aparine,45
Galium aparine,42
Galium aparine,68
Galium aparine,36
Galium aparine,43
Galium aparine,42
Galium aparine,53
Galium aparine,74
Galium aparine,38
Galium aparine,37
Galium aparine,24
Viola pedunculata,12
Viola pedunculata,14
Viola pedunculata,16
Viola pedunculata,16
Viola pedunculata,17
Viola pedunculata,11
Viola pedunculata,13
Viola pedunculata,12
Viola pedunculata,10
Viola pedunculata,10
Viola pedunculata,7
Viola pedunculata,8
Viola pedunculata,13
Viola pedunculata,11
Viola pedunculata,8
Viola pedunculata,6
Viola pedunculata,6
Viola pedunculata,6
Viola pedunculata,8
Viola pedunculata,9
Viola pedunculata,8
Viola pedunculata,7
Viola pedunculata,18
Viola pedunculata,20
Viola pedunculata,26
Viola pedunculata,18
Viola pedunculata,23
Viola pedunculata,26
Viola pedunculata,9
Viola pedunculata,10
Viola pedunculata,12
Viola pedunculata,20
Viola pedunculata,10
Viola pedunculata,12
Viola pedunculata,9
Viola pedunculata,9
Viola pedunculata,16
Viola pedunculata,17
Viola pedunculata,10
Viola pedunculata,7
Claytonia perfoliata,15
Claytonia perfoliata,14
Claytonia perfoliata,11
Claytonia perfoliata,18
Claytonia perfoliata,12
Claytonia perfoliata,15
Claytonia perfoliata,12
Claytonia perfoliata,9
Claytonia perfoliata,10
Claytonia perfoliata,8
Claytonia perfoliata,17
Claytonia perfoliata,22
Claytonia perfoliata,20
Claytonia perfoliata,21
Claytonia perfoliata,19
Claytonia perfoliata,17
Claytonia perfoliata,16
Claytonia perfoliata,19
Claytonia perfoliata,13
Claytonia perfoliata,9
Claytonia perfoliata,19
Claytonia perfoliata,12
Claytonia perfoliata,17
Claytonia perfoliata,18
Claytonia perfoliata,10
Claytonia perfoliata,17
Claytonia perfoliata,21
Claytonia perfoliata,19
Claytonia perfoliata,17
Claytonia perfoliata,15
Claytonia perfoliata,15
Claytonia perfoliata,12
Claytonia perfoliata,14
Claytonia perfoliata,10
Claytonia perfoliata,18
Claytonia perfoliata,20
Claytonia perfoliata,27
Claytonia perfoliata,25
Claytonia perfoliata,25
Claytonia perfoliata,20
Trifolium albopurpureum,19
Trifolium albopurpureum,28
Trifolium albopurpureum,25
Trifolium albopurpureum,15
Trifolium albopurpureum,13
Trifolium albopurpureum,26
Trifolium albopurpureum,20
Trifolium albopurpureum,20
Trifolium albopurpureum,19
Trifolium albopurpureum,21
Trifolium albopurpureum,15
Trifolium albopurpureum,23
Trifolium albopurpureum,28
Trifolium albopurpureum,20
Trifolium albopurpureum,22
Trifolium albopurpureum,21
Trifolium albopurpureum,26
Trifolium albopurpureum,20
Trifolium albopurpureum,22
Trifolium albopurpureum,36
Trifolium albopurpureum,34
Trifolium albopurpureum,18
Trifolium albopurpureum,22
Trifolium albopurpureum,21
Trifolium albopurpureum,20
Trifolium albopurpureum,22
Trifolium albopurpureum,20
Trifolium albopurpureum,18
Trifolium albopurpureum,23
Trifolium albopurpureum,23
Trifolium albopurpureum,15
Trifolium albopurpureum,15
Trifolium albopurpureum,13
Trifolium albopurpureum,23
Trifolium albopurpureum,26
Trifolium albopurpureum,28
Trifolium albopurpureum,23
Trifolium albopurpureum,23
Trifolium albopurpureum,18
Trifolium albopurpureum,22
Lupinus bicolor,15
Lupinus bicolor,22
Lupinus bicolor,18
Lupinus bicolor,9
Lupinus bicolor,27
Lupinus bicolor,23
Lupinus bicolor,31
Lupinus bicolor,21
Lupinus bicolor,23
Lupinus bicolor,21
Lupinus bicolor,16
Lupinus bicolor,14
Lupinus bicolor,20
Lupinus bicolor,17
Lupinus bicolor,15
Lupinus bicolor,21
Lupinus bicolor,14
Lupinus bicolor,14
Lupinus bicolor,9
Lupinus bicolor,17
Lupinus bicolor,19
Lupinus bicolor,12
Lupinus bicolor,21
Lupinus bicolor,20
Lupinus bicolor,16
Lupinus bicolor,23
Lupinus bicolor,15
Lupinus bicolor,17
Lupinus bicolor,16
Lupinus bicolor,20
Lupinus bicolor,21
Lupinus bicolor,12
Lupinus bicolor,13
Lupinus bicolor,15
Lupinus bicolor,15
Lupinus bicolor,20
Lupinus bicolor,12
Lupinus bicolor,18
Lupinus bicolor,12
Lupinus bicolor,11
Lotus strigosus,8
Lotus strigosus,6
Lotus strigosus,15
Lotus strigosus,9
Lotus strigosus,5
Lotus strigosus,7
Lotus strigosus,8
Lotus strigosus,9
Lotus strigosus,6
Lotus strigosus,6
Lotus strigosus,8
Lotus strigosus,8
Lotus strigosus,8
Lotus strigosus,6
Lotus strigosus,8
Lotus strigosus,10
Lotus strigosus,7
Lotus strigosus,6
Lotus strigosus,6
Lotus strigosus,6
Lotus strigosus,4
Lotus strigosus,2
Lotus strigosus,9
Lotus strigosus,9
Lotus strigosus,5
Lotus strigosus,10
Lotus strigosus,8
Lotus strigosus,7
Lotus strigosus,5
Lotus strigosus,5
Lotus strigosus,5
Lotus strigosus,10
Lotus strigosus,4
Lotus strigosus,7
Lotus strigosus,4
Lotus strigosus,5
Lotus strigosus,8
Lotus strigosus,7
Lotus strigosus,8
Lotus strigosus,6
Avena fatua,93
Avena fatua,83
Avena fatua,83
Avena fatua,82
Avena fatua,93
Avena fatua,94
Avena fatua,112
Avena fatua,89
Avena fatua,110
Avena fatua,101
Avena fatua,94
Avena fatua,90
Avena fatua,94
Avena fatua,97
Avena fatua,81
Avena fatua,89
Avena fatua,71
Avena fatua,65
Avena fatua,77
Avena fatua,87
Avena fatua,104
Avena fatua,132
Avena fatua,131
Avena fatua,92
Avena fatua,91
Avena fatua,89
Avena fatua,89
Avena fatua,93
Avena fatua,91
Avena fatua,123
Avena fatua,91
Avena fatua,77
Avena fatua,85
Avena fatua,72
Avena fatua,61
Avena fatua,68
Avena fatua,65
Avena fatua,74
Avena fatua,63
Avena fatua,67
Avena barbata,61
Avena barbata,87
Avena barbata,49
Avena barbata,90
Avena barbata,102
Avena barbata,102
Avena barbata,67
Avena barbata,90
Avena barbata,83
Avena barbata,77
Avena barbata,72
Avena barbata,104
Avena barbata,102
Avena barbata,99
Avena barbata,61
Avena barbata,91
Avena barbata,89
Avena barbata,73
Avena barbata,90
Avena barbata,89
Avena barbata,101
Avena barbata,102
Avena barbata,115
Avena barbata,81
Avena barbata,82
Avena barbata,78
Avena barbata,87
Avena barbata,71
Avena barbata,107
Avena barbata,104
Avena barbata,106
Avena barbata,101
Avena barbata,73
Avena barbata,77
Avena barbata,77
Avena barbata,81
Avena barbata,65
Avena barbata,70
Avena barbata,57
Avena barbata,61
Bromus diandrus,48
Bromus diandrus,42
Bromus diandrus,58
Bromus diandrus,47
Bromus diandrus,51
Bromus diandrus,42
Bromus diandrus,36
Bromus diandrus,54
Bromus diandrus,44
Bromus diandrus,29
Bromus diandrus,44
Bromus diandrus,51
Bromus diandrus,44
Bromus diandrus,48
Bromus diandrus,46
Bromus diandrus,47
Bromus diandrus,43
Bromus diandrus,34
Bromus diandrus,45
Bromus diandrus,32
Bromus diandrus,44
Bromus diandrus,36
Bromus diandrus,45
Bromus diandrus,38
Bromus diandrus,43
Bromus diandrus,48
Bromus diandrus,36
Bromus diandrus,49
Bromus diandrus,51
Bromus diandrus,48
Bromus diandrus,47
Bromus diandrus,63
Bromus diandrus,47
Bromus diandrus,46
Bromus diandrus,48
Bromus diandrus,46
Bromus diandrus,51
Bromus diandrus,40
Bromus diandrus,37
Bromus diandrus,45
Nasella pulchra,111
Nasella pulchra,107
Nasella pulchra,119
Nasella pulchra,125
Nasella pulchra,99
Nasella pulchra,94
Nasella pulchra,92
Nasella pulchra,89
Nasella pulchra,89
Nasella pulchra,104
Nasella pulchra,76
Nasella pulchra,89
Nasella pulchra,99
Nasella pulchra,95
Nasella pulchra,101
Nasella pulchra,90
Nasella pulchra,89
Nasella pulchra,92
Nasella pulchra,87
Nasella pulchra,106
Nasella pulchra,98
Nasella pulchra,81
Nasella pulchra,69
Nasella pulchra,83
Nasella pulchra,95
Nasella pulchra,93
Nasella pulchra,98
Nasella pulchra,91
Nasella pulchra,89
Nasella pulchra,86
Nasella pulchra,141
Nasella pulchra,107
Nasella pulchra,107
Nasella pulchra,103
Nasella pulchra,92
Nasella pulchra,97
Nasella pulchra,97
Nasella pulchra,119
Nasella pulchra,88
Nasella pulchra,92
Lollium multiflorum,85
Lollium multiflorum,69
Lollium multiflorum,59
Lollium multiflorum,61
Lollium multiflorum,57
Lollium multiflorum,70
Lollium multiflorum,62
Lollium multiflorum,66
Lollium multiflorum,65
Lollium multiflorum,67
Lollium multiflorum,73
Lollium multiflorum,71
Lollium multiflorum,42
Lollium multiflorum,50
Lollium multiflorum,49
Lollium multiflorum,46
Lollium multiflorum,60
Lollium multiflorum,65
Lollium multiflorum,79
Lollium multiflorum,76
Lollium multiflorum,71
Lollium multiflorum,66
Lollium multiflorum,72
Lollium multiflorum,72
Lollium multiflorum,74
Lollium multiflorum,87
Lollium multiflorum,74
Lollium multiflorum,80
Lollium multiflorum,60
Lollium multiflorum,80
Lollium multiflorum,64
Lollium multiflorum,75
Lollium multiflorum,65
Lollium multiflorum,75
Lollium multiflorum,70
Lollium multiflorum,68
Lollium multiflorum,70
Lollium multiflorum,55
Lollium multiflorum,64
Lollium multiflorum,68
Bromus hordaceous,58
Bromus hordaceous,48
Bromus hordaceous,47
Bromus hordaceous,44
Bromus hordaceous,44
Bromus hordaceous,27
Bromus hordaceous,40
Bromus hordaceous,35
Bromus hordaceous,42
Bromus hordaceous,46
Bromus hordaceous,40
Bromus hordaceous,41
Bromus hordaceous,55
Bromus hordaceous,49
Bromus hordaceous,42
Bromus hordaceous,51
Bromus hordaceous,52
Bromus hordaceous,53
Bromus hordaceous,48
Bromus hordaceous,32
Bromus hordaceous,31
Bromus hordaceous,41
Bromus hordaceous,27
Bromus hordaceous,51
Bromus hordaceous,49
Bromus hordaceous,45
Bromus hordaceous,46
Bromus hordaceous,46
Bromus hordaceous,46
Bromus hordaceous,51
Bromus hordaceous,50
Bromus hordaceous,50
Bromus hordaceous,52
Bromus hordaceous,40
Bromus hordaceous,35
Bromus hordaceous,50
Bromus hordaceous,60
Bromus hordaceous,52
Bromus hordaceous,55
Bromus hordaceous,59
Calystegia collina,15
Calystegia collina,15
Calystegia collina,13
Calystegia collina,14
Calystegia collina,20
Calystegia collina,9
Calystegia collina,10
Calystegia collina,14
Calystegia collina,23
Calystegia collina,18
Calystegia collina,10
Calystegia collina,13
Calystegia collina,17
Calystegia collina,17
Calystegia collina,10
Calystegia collina,18
Calystegia collina,15
Calystegia collina,10
Calystegia collina,11
Calystegia collina,11
Calystegia collina,19
Calystegia collina,11
Calystegia collina,8
Calystegia collina,6
Calystegia collina,4
Calystegia collina,4
Calystegia collina,4
Calystegia collina,3
Calystegia collina,4
Calystegia collina,7
Calystegia collina,11
Calystegia collina,8
Calystegia collina,7
Calystegia collina,9
Calystegia collina,9
Calystegia collina,10
Calystegia collina,9
Calystegia collina,6
Calystegia collina,5
Calystegia collina,4
Tritelea ixiodes,30
Tritelea ixiodes,26
Tritelea ixiodes,23
Tritelea ixiodes,25
Tritelea ixiodes,21
Tritelea ixiodes,14
Tritelea ixiodes,30
Tritelea ixiodes,23
Tritelea ixiodes,20
Tritelea ixiodes,25
Tritelea ixiodes,37
Tritelea ixiodes,26
Tritelea ixiodes,33
Tritelea ixiodes,18
Tritelea ixiodes,26
Tritelea ixiodes,22
Tritelea ixiodes,15
Tritelea ixiodes,22
Tritelea ixiodes,23
Tritelea ixiodes,20
Tritelea ixiodes,17
Tritelea ixiodes,30
Tritelea ixiodes,41
Tritelea ixiodes,37
Tritelea ixiodes,18
Tritelea ixiodes,29
Tritelea ixiodes,33
Tritelea ixiodes,23
Tritelea ixiodes,27
Tritelea ixiodes,30
Tritelea ixiodes,24
Tritelea ixiodes,20
Tritelea ixiodes,20
Tritelea ixiodes,22
Tritelea ixiodes,20
Tritelea ixiodes,22
Tritelea ixiodes,15
Tritelea ixiodes,17
Tritelea ixiodes,27
Tritelea ixiodes,25
Carduus pycnocephala,187
Carduus pycnocephala,118
Carduus pycnocephala,160
Carduus pycnocephala,186
Carduus pycnocephala,158
Carduus pycnocephala,158
Carduus pycnocephala,147
Carduus pycnocephala,157
Carduus pycnocephala,144
Carduus pycnocephala,142
Carduus pycnocephala,98
Carduus pycnocephala,100
Carduus pycnocephala,115
Carduus pycnocephala,112
Carduus pycnocephala,100
Carduus pycnocephala,94
Carduus pycnocephala,84
Carduus pycnocephala,92
Carduus pycnocephala,106
Carduus pycnocephala,122
Carduus pycnocephala,87
Carduus pycnocephala,95
Carduus pycnocephala,109
Carduus pycnocephala,88
Carduus pycnocephala,124
Carduus pycnocephala,70
Carduus pycnocephala,82
Carduus pycnocephala,99
Carduus pycnocephala,100
Carduus pycnocephala,110
Carduus pycnocephala,88
Carduus pycnocephala,72
Carduus pycnocephala,107
Carduus pycnocephala,114
Carduus pycnocephala,143
Carduus pycnocephala,103
Carduus pycnocephala,101
Carduus pycnocephala,118
Carduus pycnocephala,99
Carduus pycnocephala,77
Chlorogallum pomeridianum,17
Chlorogallum pomeridianum,26
Chlorogallum pomeridianum,12
Chlorogallum pomeridianum,23
Chlorogallum pomeridianum,25
Chlorogallum pomeridianum,9
Chlorogallum pomeridianum,13
Chlorogallum pomeridianum,16
Chlorogallum pomeridianum,14
Chlorogallum pomeridianum,13
Chlorogallum pomeridianum,11
Chlorogallum pomeridianum,17
Chlorogallum pomeridianum,16
Chlorogallum pomeridianum,8
Chlorogallum pomeridianum,20
Chlorogallum pomeridianum,17
Chlorogallum pomeridianum,17
Chlorogallum pomeridianum,16
Chlorogallum pomeridianum,17
Chlorogallum pomeridianum,11
Chlorogallum pomeridianum,18
Chlorogallum pomeridianum,15
Chlorogallum pomeridianum,17
Chlorogallum pomeridianum,9
Chlorogallum pomeridianum,19
Chlorogallum pomeridianum,10
Chlorogallum pomeridianum,12
Chlorogallum pomeridianum,15
Chlorogallum pomeridianum,13
Chlorogallum pomeridianum,19
Chlorogallum pomeridianum,26
Chlorogallum pomeridianum,18
Chlorogallum pomeridianum,13
Chlorogallum pomeridianum,21
Chlorogallum pomeridianum,22
Chlorogallum pomeridianum,12
Chlorogallum pomeridianum,12
Chlorogallum pomeridianum,7
Chlorogallum pomeridianum,17
Chlorogallum pomeridianum,21
Torilis arvensis,99
Torilis arvensis,75
Torilis arvensis,68
Torilis arvensis,78
Torilis arvensis,71
Torilis arvensis,55
Torilis arvensis,45
Torilis arvensis,84
Torilis arvensis,75
Torilis arvensis,65
Torilis arvensis,30
Torilis arvensis,41
Torilis arvensis,45
Torilis arvensis,52
Torilis arvensis,75
Torilis arvensis,58
Torilis arvensis,40
Torilis arvensis,68
Torilis arvensis,69
Torilis arvensis,66
Torilis arvensis,43
Torilis arvensis,54
Torilis arvensis,65
Torilis arvensis,52
Torilis arvensis,59
Torilis arvensis,51
Torilis arvensis,50
Torilis arvensis,38
Torilis arvensis,56
Torilis arvensis,43
Torilis arvensis,52
Torilis arvensis,70
Torilis arvensis,60
Torilis arvensis,72
Torilis arvensis,64
Torilis arvensis,36
Torilis arvensis,72
Torilis arvensis,58
Torilis arvensis,50
Torilis arvensis,70
Lagiophylla ramosissima,15
Lagiophylla ramosissima,16
Lagiophylla ramosissima,20
Lagiophylla ramosissima,21
Lagiophylla ramosissima,27
Lagiophylla ramosissima,30
Lagiophylla ramosissima,30
Lagiophylla ramosissima,12
Lagiophylla ramosissima,14
Lagiophylla ramosissima,20
Lagiophylla ramosissima,19
Lagiophylla ramosissima,16
Lagiophylla ramosissima,19
Lagiophylla ramosissima,20
Lagiophylla ramosissima,22
Lagiophylla ramosissima,22
Lagiophylla ramosissima,21
Lagiophylla ramosissima,21
Lagiophylla ramosissima,24
Lagiophylla ramosissima,20
Lagiophylla ramosissima,24
Lagiophylla ramosissima,25
Lagiophylla ramosissima,27
Lagiophylla ramosissima,21
Lagiophylla ramosissima,16
Lagiophylla ramosissima,23
Lagiophylla ramosissima,18
Lagiophylla ramosissima,13
Lagiophylla ramosissima,27
Lagiophylla ramosissima,16
Lagiophylla ramosissima,20
Lagiophylla ramosissima,21
Lagiophylla ramosissima,25
Lagiophylla ramosissima,23
Lagiophylla ramosissima,35
Lagiophylla ramosissima,17
Lagiophylla ramosissima,20
Lagiophylla ramosissima,28
Lagiophylla ramosissima,23
Lagiophylla ramosissima,20
Croton setiger,4
Croton setiger,4
Croton setiger,4
Croton setiger,3
Croton setiger,6
Croton setiger,7
Croton setiger,5
Croton setiger,5
Croton setiger,6
Croton setiger,4
Croton setiger,4
Croton setiger,4
Croton setiger,5
Croton setiger,7
Croton setiger,5
Croton setiger,4
Croton setiger,8
Croton setiger,6
Croton setiger,6
Croton setiger,6
Croton setiger,4
Croton setiger,2
Croton setiger,4
Croton setiger,5
Croton setiger,3
Croton setiger,6
Croton setiger,2
Croton setiger,3
Croton setiger,4
Croton setiger,3
Croton setiger,2
Croton setiger,2
Croton setiger,2
Croton setiger,3
Croton setiger,3
Croton setiger,3
Croton setiger,4
Croton setiger,3
Croton setiger,3
