slice,alias,plant_number,leaf_number,all,count,total_area,scan_date,notes,USDA_symbol,petiole,plot
DOHE-p1-l1,DOHE,1,1,FALSE,2,5.992,2017-03-03,,DOCL,FALSE,non_plot
DOHE-p1-l2,DOHE,1,2,FALSE,1,6.267,2017-03-03,,DOCL,FALSE,non_plot
DOHE-p1-l3,DOHE,1,3,FALSE,1,5.411,2017-03-03,,DOCL,FALSE,non_plot
DOHE-p1_ALL,DOHE,1,NA,TRUE,2,10.013,2017-03-03,,DOCL,FALSE,non_plot
DOHE-p2-l1,DOHE,2,1,FALSE,1,4.759,2017-03-03,,DOCL,FALSE,non_plot
DOHE-p2-l2,DOHE,2,2,FALSE,1,4.549,2017-03-03,,DOCL,FALSE,non_plot
DOHE-p2-l3,DOHE,2,3,FALSE,2,3.556,2017-03-03,,DOCL,FALSE,non_plot
DOHE-p3-l1,DOHE,3,1,FALSE,2,10.571,2017-03-03,,DOCL,FALSE,non_plot
DOHE-p3-l2,DOHE,3,2,FALSE,1,8.891,2017-03-03,,DOCL,FALSE,non_plot
DOHE-p3-l3,DOHE,3,3,FALSE,1,5.321,2017-03-03,,DOCL,FALSE,non_plot
DOHE-p3_ALL,DOHE,3,NA,TRUE,4,23.938,2017-03-03,,DOCL,FALSE,non_plot
DOHE-p4-l1,DOHE,4,1,FALSE,1,4.755,2017-03-03,,DOCL,FALSE,non_plot
DOHE-p4-l2,DOHE,4,2,FALSE,2,3.754,2017-03-03,,DOCL,FALSE,non_plot
DOHE-p4-l3,DOHE,4,3,FALSE,1,2.605,2017-03-03,,DOCL,FALSE,non_plot
DOHE-p4_ALL,DOHE,4,NA,TRUE,1,5.319,2017-03-03,,DOCL,FALSE,non_plot
DOHE-p5-l1,DOHE,5,1,FALSE,1,6.967,2017-03-03,,DOCL,FALSE,non_plot
DOHE-p5-l2,DOHE,5,2,FALSE,1,7.273,2017-03-03,,DOCL,FALSE,non_plot
DOHE-p5-l3,DOHE,5,3,FALSE,1,7.782,2017-03-03,,DOCL,FALSE,non_plot
DOHE-p6-l1,DOHE,6,1,FALSE,1,3.276,2017-03-03,,DOCL,FALSE,non_plot
DOHE-p6-l2,DOHE,6,2,FALSE,1,2.617,2017-03-03,,DOCL,FALSE,non_plot
DOHE-p6-l3,DOHE,6,3,FALSE,1,2.141,2017-03-03,,DOCL,FALSE,non_plot
DOHE-p6_ALL,DOHE,6,NA,TRUE,2,3.791,2017-03-03,,DOCL,FALSE,non_plot
DOHE-p7-l1,DOHE,7,1,FALSE,2,8.409,2017-03-03,,DOCL,FALSE,non_plot
DOHE-p7-l2,DOHE,7,2,FALSE,2,7.061,2017-03-03,,DOCL,FALSE,non_plot
DOHE-p7_ALL,DOHE,7,NA,TRUE,3,6.768,2017-03-03,,DOCL,FALSE,non_plot
DOHE-p8-l1,DOHE,8,1,FALSE,1,5.752,2017-03-03,,DOCL,FALSE,non_plot
DOHE-p8-l2,DOHE,8,2,FALSE,1,5.599,2017-03-03,,DOCL,FALSE,non_plot
DOHE-p8-l3,DOHE,8,3,FALSE,1,5.104,2017-03-03,,DOCL,FALSE,non_plot
DOHE-p8_ALL,DOHE,8,NA,TRUE,6,24.902,2017-03-03,,DOCL,FALSE,non_plot
THCU-p9-l1,THCU,9,1,FALSE,1,0.214,2017-03-03,with_petiole,THCU,TRUE,non_plot
THCU-p9-l2,THCU,9,2,FALSE,1,0.213,2017-03-03,with_petiole,THCU,TRUE,non_plot
THCU-p9-l3,THCU,9,3,FALSE,1,0.178,2017-03-03,with_petiole,THCU,TRUE,non_plot
THCU-p9_ALL,THCU,9,NA,TRUE,4,0.723,2017-03-03,with_petiole,THCU,TRUE,non_plot
THCU-p10-l1,THCU,10,1,FALSE,1,1.207,2017-03-03,with_petiole,THCU,TRUE,non_plot
THCU-p10-l2,THCU,10,2,FALSE,1,1.356,2017-03-03,with_petiole,THCU,TRUE,non_plot
THCU-p10-l3,THCU,10,3,FALSE,1,0.806,2017-03-03,with_petiole,THCU,TRUE,non_plot
THCU-p10_ALL,THCU,10,NA,TRUE,6,2.946,2017-03-03,with_petiole,THCU,TRUE,non_plot
THCU-p11-l1,THCU,11,1,FALSE,1,0.651,2017-03-03,with_petiole,THCU,TRUE,non_plot
THCU-p11-l2,THCU,11,2,FALSE,1,0.619,2017-03-03,with_petiole,THCU,TRUE,non_plot
THCU-p11-l3,THCU,11,3,FALSE,1,0.253,2017-03-03,with_petiole,THCU,TRUE,non_plot
THCU-p11_ALL,THCU,11,NA,TRUE,8,2.084,2017-03-03,with_petiole,THCU,TRUE,non_plot
THCU-p12-l1,THCU,12,1,FALSE,1,0.915,2017-03-03,with_petiole,THCU,TRUE,non_plot
THCU-p12-l2,THCU,12,2,FALSE,1,0.854,2017-03-03,with_petiole,THCU,TRUE,non_plot
THCU-p12-l3,THCU,12,3,FALSE,1,0.513,2017-03-03,with_petiole,THCU,TRUE,non_plot
THCU-p12_ALL,THCU,12,NA,TRUE,12,7.717,2017-03-03,with_petiole,THCU,TRUE,non_plot
THCU-p13-l1,THCU,13,1,FALSE,1,1.087,2017-03-03,with_petiole,THCU,TRUE,non_plot
THCU-p13-l2,THCU,13,2,FALSE,1,0.684,2017-03-03,with_petiole,THCU,TRUE,non_plot
THCU-p13-l3,THCU,13,3,FALSE,1,0.621,2017-03-03,with_petiole,THCU,TRUE,non_plot
THCU-p13_ALL,THCU,13,NA,TRUE,8,5.741,2017-03-03,with_petiole,THCU,TRUE,non_plot
THCU-p14-l1,THCU,14,1,FALSE,1,0.735,2017-03-03,with_petiole,THCU,TRUE,non_plot
THCU-p14-l2,THCU,14,2,FALSE,1,0.331,2017-03-03,with_petiole,THCU,TRUE,non_plot
THCU-p14-l3,THCU,14,3,FALSE,1,0.252,2017-03-03,with_petiole,THCU,TRUE,non_plot
THCU-p14_ALL,THCU,14,NA,TRUE,7,1.967,2017-03-03,with_petiole,THCU,TRUE,non_plot
THCU-p15-l1,THCU,15,1,FALSE,1,0.82,2017-03-03,with_petiole,THCU,TRUE,non_plot
THCU-p15-l2,THCU,15,2,FALSE,1,0.376,2017-03-03,with_petiole,THCU,TRUE,non_plot
THCU-p15-l3,THCU,15,3,FALSE,1,0.293,2017-03-03,with_petiole,THCU,TRUE,non_plot
THCU-p15_ALL,THCU,15,NA,TRUE,10,3.471,2017-03-03,with_petiole,THCU,TRUE,non_plot
THCU-p16-l1,THCU,16,1,FALSE,1,1.496,2017-03-03,with_petiole,THCU,TRUE,non_plot
THCU-p16-l2,THCU,16,2,FALSE,1,1.344,2017-03-03,with_petiole,THCU,TRUE,non_plot
THCU-p16-l3,THCU,16,3,FALSE,1,0.434,2017-03-03,with_petiole,THCU,TRUE,non_plot
THCU-p16_ALL,THCU,16,NA,TRUE,11,4.65,2017-03-03,with_petiole,THCU,TRUE,non_plot
THLA-p17-l1,THLA,17,1,FALSE,1,0.956,2017-03-03,with_petiole,THLA3,TRUE,non_plot
THLA-p17-l2,THLA,17,2,FALSE,1,1.047,2017-03-03,with_petiole,THLA3,TRUE,non_plot
THLA-p17-l3,THLA,17,3,FALSE,1,0.392,2017-03-03,with_petiole,THLA3,TRUE,non_plot
THLA-p17_ALL,THLA,17,NA,TRUE,18,7.47,2017-03-03,with_petiole,THLA3,TRUE,non_plot
THLA-p18-l1,THLA,18,1,FALSE,1,1.833,2017-03-03,with_petiole,THLA3,TRUE,non_plot
THLA-p18-l2,THLA,18,2,FALSE,1,1.639,2017-03-03,with_petiole,THLA3,TRUE,non_plot
THLA-p18-l3,THLA,18,3,FALSE,1,0.657,2017-03-03,with_petiole,THLA3,TRUE,non_plot
THLA-p18_ALL,THLA,18,NA,TRUE,37,15.57,2017-03-03,with_petiole,THLA3,TRUE,non_plot
THLA-p19-l1,THLA,19,1,FALSE,1,3.14,2017-03-03,with_petiole,THLA3,TRUE,non_plot
THLA-p19-l2,THLA,19,2,FALSE,1,0.889,2017-03-03,with_petiole,THLA3,TRUE,non_plot
THLA-p19-l3,THLA,19,3,FALSE,1,0.347,2017-03-03,with_petiole,THLA3,TRUE,non_plot
THLA-p19_ALL,THLA,19,NA,TRUE,74,51.997,2017-03-03,with_petiole,THLA3,TRUE,non_plot
THLA-p20-l1,THLA,20,1,FALSE,1,2.42,2017-03-03,with_petiole,THLA3,TRUE,non_plot
THLA-p20-l2,THLA,20,2,FALSE,1,1.154,2017-03-03,with_petiole,THLA3,TRUE,non_plot
THLA-p20-l3,THLA,20,3,FALSE,1,0.744,2017-03-03,with_petiole,THLA3,TRUE,non_plot
THLA-p20_ALL,THLA,20,NA,TRUE,23,23.102,2017-03-03,with_petiole,THLA3,TRUE,non_plot
THLA-p21-l1,THLA,21,1,FALSE,1,1.69,2017-03-03,with_petiole,THLA3,TRUE,non_plot
THLA-p21-l2,THLA,21,2,FALSE,1,0.94,2017-03-03,with_petiole,THLA3,TRUE,non_plot
THLA-p21-l3,THLA,21,3,FALSE,1,1.153,2017-03-03,with_petiole,THLA3,TRUE,non_plot
THLA-p21_ALL,THLA,21,NA,TRUE,14,8.912,2017-03-03,with_petiole,THLA3,TRUE,non_plot
THLA-p22-l1,THLA,22,1,FALSE,1,3.819,2017-03-03,with_petiole,THLA3,TRUE,non_plot
THLA-p22-l2,THLA,22,2,FALSE,1,1.915,2017-03-03,with_petiole,THLA3,TRUE,non_plot
THLA-p22-l3,THLA,22,3,FALSE,1,1.469,2017-03-03,with_petiole,THLA3,TRUE,non_plot
THLA-p22_ALL,THLA,22,NA,TRUE,76,75.26,2017-03-03,with_petiole,THLA3,TRUE,non_plot
THLA-p23-l1,THLA,23,1,FALSE,1,0.862,2017-03-03,with_petiole,THLA3,TRUE,non_plot
THLA-p23-l2,THLA,23,2,FALSE,1,0.622,2017-03-03,with_petiole,THLA3,TRUE,non_plot
THLA-p23-l3,THLA,23,3,FALSE,1,0.484,2017-03-03,with_petiole,THLA3,TRUE,non_plot
THLA-p23_ALL,THLA,23,NA,TRUE,33,15.201,2017-03-03,with_petiole,THLA3,TRUE,non_plot
THLA-p24-l1,THLA,24,1,FALSE,1,0.83,2017-03-03,with_petiole,THLA3,TRUE,non_plot
THLA-p24-l2,THLA,24,2,FALSE,1,0.787,2017-03-03,with_petiole,THLA3,TRUE,non_plot
THLA-p24-l3,THLA,24,3,FALSE,1,0.417,2017-03-03,with_petiole,THLA3,TRUE,non_plot
THLA-p24_ALL,THLA,24,NA,TRUE,12,3.19,2017-03-03,with_petiole,THLA3,TRUE,non_plot
leptosiphon-p1-all,LEPTOSIPHON,1,NA,TRUE,9,1.065,2017-04-04,,LEPA51,FALSE,non_plot
leptosiphon-p1-l1,LEPTOSIPHON,1,1,FALSE,1,0.161,2017-04-04,,LEPA51,FALSE,non_plot
leptosiphon-p1-l2,LEPTOSIPHON,1,2,FALSE,1,0.144,2017-04-04,,LEPA51,FALSE,non_plot
leptosiphon-p1-l3,LEPTOSIPHON,1,3,FALSE,1,0.099,2017-04-04,,LEPA51,FALSE,non_plot
leptosiphon-p2-all,LEPTOSIPHON,2,NA,TRUE,15,2.046,2017-04-04,,LEPA51,FALSE,non_plot
leptosiphon-p2-l1,LEPTOSIPHON,2,1,FALSE,1,0.287,2017-04-04,,LEPA51,FALSE,non_plot
leptosiphon-p2-l2,LEPTOSIPHON,2,2,FALSE,3,0.381,2017-04-04,,LEPA51,FALSE,non_plot
leptosiphon-p2-l3,LEPTOSIPHON,2,3,FALSE,2,0.35,2017-04-04,,LEPA51,FALSE,non_plot
leptosiphon-p3-all,LEPTOSIPHON,3,NA,TRUE,18,1.219,2017-04-04,,LEPA51,FALSE,non_plot
leptosiphon-p3-l1,LEPTOSIPHON,3,1,FALSE,1,0.098,2017-04-04,,LEPA51,FALSE,non_plot
leptosiphon-p3-l2,LEPTOSIPHON,3,2,FALSE,1,0.125,2017-04-04,,LEPA51,FALSE,non_plot
leptosiphon-p3-l3,LEPTOSIPHON,3,3,FALSE,1,0.149,2017-04-04,,LEPA51,FALSE,non_plot
leptosiphon-p4-all,LEPTOSIPHON,4,NA,TRUE,12,0.857,2017-04-04,,LEPA51,FALSE,non_plot
leptosiphon-p4-l1,LEPTOSIPHON,4,1,FALSE,1,0.184,2017-04-04,,LEPA51,FALSE,non_plot
leptosiphon-p4-l2,LEPTOSIPHON,4,2,FALSE,1,0.202,2017-04-04,,LEPA51,FALSE,non_plot
leptosiphon-p4-l3,LEPTOSIPHON,4,3,FALSE,5,0.17,2017-04-04,,LEPA51,FALSE,non_plot
leptosiphon-p5-all,LEPTOSIPHON,5,NA,TRUE,11,0.892,2017-04-04,,LEPA51,FALSE,non_plot
leptosiphon-p5-l1,LEPTOSIPHON,5,1,FALSE,1,0.113,2017-04-04,,LEPA51,FALSE,non_plot
leptosiphon-p5-l2,LEPTOSIPHON,5,2,FALSE,1,0.167,2017-04-04,,LEPA51,FALSE,non_plot
leptosiphon-p5-l3,LEPTOSIPHON,5,3,FALSE,1,0.207,2017-04-04,,LEPA51,FALSE,non_plot
leptosiphon-p6-all,LEPTOSIPHON,6,NA,TRUE,21,1.995,2017-04-04,,LEPA51,FALSE,non_plot
leptosiphon-p6-l1,LEPTOSIPHON,6,1,FALSE,1,0.223,2017-04-04,,LEPA51,FALSE,non_plot
leptosiphon-p6-l2,LEPTOSIPHON,6,2,FALSE,1,0.226,2017-04-04,,LEPA51,FALSE,non_plot
leptosiphon-p6-l3,LEPTOSIPHON,6,3,FALSE,1,0.29,2017-04-04,,LEPA51,FALSE,non_plot
leptosiphon-p7-all,LEPTOSIPHON,7,NA,TRUE,29,3.753,2017-04-04,,LEPA51,FALSE,non_plot
leptosiphon-p7-l1,LEPTOSIPHON,7,1,FALSE,5,0.344,2017-04-04,,LEPA51,FALSE,non_plot
leptosiphon-p7-l2,LEPTOSIPHON,7,2,FALSE,1,0.398,2017-04-04,,LEPA51,FALSE,non_plot
leptosiphon-p7-l3,LEPTOSIPHON,7,3,FALSE,1,0.249,2017-04-04,,LEPA51,FALSE,non_plot
leptosiphon-p8-all,LEPTOSIPHON,8,NA,TRUE,14,1.113,2017-04-04,,LEPA51,FALSE,non_plot
leptosiphon-p8-l1,LEPTOSIPHON,8,1,FALSE,1,0.112,2017-04-04,,LEPA51,FALSE,non_plot
leptosiphon-p8-l2,LEPTOSIPHON,8,2,FALSE,1,0.132,2017-04-04,,LEPA51,FALSE,non_plot
leptosiphon-p8-l3,LEPTOSIPHON,8,3,FALSE,2,0.124,2017-04-04,,LEPA51,FALSE,non_plot
vulpia_myuros-p1-all,VULPIA,1,NA,TRUE,17,5.648,2017-04-04,,FEMY2,FALSE,non_plot
vulpia_myuros-p1-l1,VULPIA,1,1,FALSE,1,0.575,2017-04-04,,FEMY2,FALSE,non_plot
vulpia_myuros-p1-l2,VULPIA,1,2,FALSE,2,1.313,2017-04-04,,FEMY2,FALSE,non_plot
vulpia_myuros-p1-l3,VULPIA,1,3,FALSE,1,0.853,2017-04-04,,FEMY2,FALSE,non_plot
vulpia_myuros-p2-all,VULPIA,2,NA,TRUE,20,5.565,2017-04-04,,FEMY2,FALSE,non_plot
vulpia_myuros-p2-l1,VULPIA,2,1,FALSE,2,0.787,2017-04-04,,FEMY2,FALSE,non_plot
vulpia_myuros-p2-l2,VULPIA,2,2,FALSE,1,0.479,2017-04-04,,FEMY2,FALSE,non_plot
vulpia_myuros-p2-l3,VULPIA,2,3,FALSE,1,0.283,2017-04-04,,FEMY2,FALSE,non_plot
vulpia_myuros-p3-all,VULPIA,3,NA,TRUE,8,1.827,2017-04-04,,FEMY2,FALSE,non_plot
vulpia_myuros-p3-l1,VULPIA,3,1,FALSE,2,0.531,2017-04-04,,FEMY2,FALSE,non_plot
vulpia_myuros-p3-l2,VULPIA,3,2,FALSE,1,0.325,2017-04-04,,FEMY2,FALSE,non_plot
vulpia_myuros-p3-l3,VULPIA,3,3,FALSE,2,0.305,2017-04-04,,FEMY2,FALSE,non_plot
lost-p1-all,LOST,1,NA,TRUE,66,15.612,2017-04-05,with_petiole,LOST4,TRUE,non_plot
lost-p1-l1,LOST,1,1,FALSE,1,0.79,2017-04-05,with_petiole,LOST4,TRUE,non_plot
lost-p1-l2,LOST,1,2,FALSE,1,0.886,2017-04-05,with_petiole,LOST4,TRUE,non_plot
lost-p1-l3,LOST,1,3,FALSE,1,0.646,2017-04-05,with_petiole,LOST4,TRUE,non_plot
lost-p2-all,LOST,2,NA,TRUE,76,16.395,2017-04-05,with_petiole,LOST4,TRUE,non_plot
lost-p2-l1,LOST,2,1,FALSE,3,0.669,2017-04-05,with_petiole,LOST4,TRUE,non_plot
lost-p2-l2,LOST,2,2,FALSE,3,0.75,2017-04-05,with_petiole,LOST4,TRUE,non_plot
lost-p2-l3,LOST,2,3,FALSE,4,0.591,2017-04-05,with_petiole,LOST4,TRUE,non_plot
lost-p3-all,LOST,3,NA,TRUE,63,18.797,2017-04-05,with_petiole,LOST4,TRUE,non_plot
lost-p3-l1,LOST,3,1,FALSE,1,0.7,2017-04-05,with_petiole,LOST4,TRUE,non_plot
lost-p3-l2,LOST,3,2,FALSE,1,1.222,2017-04-05,with_petiole,LOST4,TRUE,non_plot
lost-p3-l3,LOST,3,3,FALSE,2,0.663,2017-04-05,with_petiole,LOST4,TRUE,non_plot
lost-p4-all,LOST,4,NA,TRUE,40,5.487,2017-04-05,with_petiole,LOST4,TRUE,non_plot
lost-p4-l1,LOST,4,1,FALSE,3,1.203,2017-04-05,with_petiole,LOST4,TRUE,non_plot
lost-p4-l2,LOST,4,2,FALSE,3,1.104,2017-04-05,with_petiole,LOST4,TRUE,non_plot
lost-p4-l3,LOST,4,3,FALSE,6,0.569,2017-04-05,with_petiole,LOST4,TRUE,non_plot
lost-p5-all,LOST,5,NA,TRUE,46,7.761,2017-04-05,with_petiole,LOST4,TRUE,non_plot
lost-p5-l1,LOST,5,1,FALSE,1,0.768,2017-04-05,with_petiole,LOST4,TRUE,non_plot
lost-p5-l2,LOST,5,2,FALSE,1,0.616,2017-04-05,with_petiole,LOST4,TRUE,non_plot
lost-p5-l3,LOST,5,3,FALSE,1,0.486,2017-04-05,with_petiole,LOST4,TRUE,non_plot
lost-p6-all,LOST,6,NA,TRUE,72,13.024,2017-04-05,with_petiole,LOST4,TRUE,non_plot
lost-p6-l1,LOST,6,1,FALSE,1,0.429,2017-04-05,with_petiole,LOST4,TRUE,non_plot
lost-p6-l2,LOST,6,2,FALSE,1,0.636,2017-04-05,with_petiole,LOST4,TRUE,non_plot
lost-p6-l3,LOST,6,3,FALSE,3,0.473,2017-04-05,with_petiole,LOST4,TRUE,non_plot
lost-p7-all,LOST,7,NA,TRUE,47,6.243,2017-04-05,with_petiole,LOST4,TRUE,non_plot
lost-p7-l1,LOST,7,1,FALSE,1,0.378,2017-04-05,with_petiole,LOST4,TRUE,non_plot
lost-p7-l2,LOST,7,2,FALSE,5,0.395,2017-04-05,with_petiole,LOST4,TRUE,non_plot
lost-p7-l3,LOST,7,3,FALSE,2,0.321,2017-04-05,with_petiole,LOST4,TRUE,non_plot
lost-p8-all,LOST,8,NA,TRUE,82,14.272,2017-04-05,with_petiole,LOST4,TRUE,non_plot
lost-p8-l1,LOST,8,1,FALSE,1,0.65,2017-04-05,with_petiole,LOST4,TRUE,non_plot
lost-p8-l2,LOST,8,2,FALSE,1,0.6,2017-04-05,with_petiole,LOST4,TRUE,non_plot
lost-p8-l3,LOST,8,3,FALSE,5,0.445,2017-04-05,with_petiole,LOST4,TRUE,non_plot
brho-p1-all,BRHO,1,NA,TRUE,32,23.777,2017-04-06,,BRHO2,FALSE,non_plot
brho-p1-l1,BRHO,1,1,FALSE,3,2.978,2017-04-06,,BRHO2,FALSE,non_plot
brho-p1-l2,BRHO,1,2,FALSE,3,3.287,2017-04-06,,BRHO2,FALSE,non_plot
brho-p1-l3,BRHO,1,3,FALSE,3,2.6,2017-04-06,,BRHO2,FALSE,non_plot
brho-p2-all,BRHO,2,NA,TRUE,17,15.314,2017-04-06,,BRHO2,FALSE,non_plot
brho-p2-l1,BRHO,2,1,FALSE,4,2.712,2017-04-06,,BRHO2,FALSE,non_plot
brho-p2-l2,BRHO,2,2,FALSE,2,2.786,2017-04-06,,BRHO2,FALSE,non_plot
brho-p2-l3,BRHO,2,3,FALSE,4,1.502,2017-04-06,,BRHO2,FALSE,non_plot
brho-p3-all,BRHO,3,NA,TRUE,33,19.449,2017-04-06,,BRHO2,FALSE,non_plot
brho-p3-l1,BRHO,3,1,FALSE,5,2.842,2017-04-06,,BRHO2,FALSE,non_plot
brho-p3-l2,BRHO,3,2,FALSE,4,3.021,2017-04-06,,BRHO2,FALSE,non_plot
brho-p3-l3,BRHO,3,3,FALSE,4,3.249,2017-04-06,,BRHO2,FALSE,non_plot
brho-p4-all,BRHO,4,NA,TRUE,73,69.838,2017-04-06,,BRHO2,FALSE,non_plot
brho-p4-l1,BRHO,4,1,FALSE,4,3.959,2017-04-06,,BRHO2,FALSE,non_plot
brho-p4-l2,BRHO,4,2,FALSE,1,3.417,2017-04-06,,BRHO2,FALSE,non_plot
brho-p4-l3,BRHO,4,3,FALSE,4,3.949,2017-04-06,,BRHO2,FALSE,non_plot
brho-p5-all,BRHO,5,NA,TRUE,69,56.12,2017-04-06,,BRHO2,FALSE,non_plot
brho-p5-l1,BRHO,5,1,FALSE,2,4.761,2017-04-06,,BRHO2,FALSE,non_plot
brho-p5-l2,BRHO,5,2,FALSE,3,2.755,2017-04-06,,BRHO2,FALSE,non_plot
brho-p5-l3,BRHO,5,3,FALSE,4,1.823,2017-04-06,,BRHO2,FALSE,non_plot
brho-p6-all-1,BRHO,6,NA,TRUE,65,75.609,2017-04-06,,BRHO2,FALSE,non_plot
brho-p6-all-2,BRHO,6,NA,TRUE,21,28.767,2017-04-06,,BRHO2,FALSE,non_plot
brho-p6-l1,BRHO,6,1,FALSE,3,2.365,2017-04-06,,BRHO2,FALSE,non_plot
brho-p6-l2,BRHO,6,2,FALSE,3,4.122,2017-04-06,,BRHO2,FALSE,non_plot
brho-p6-l3,BRHO,6,3,FALSE,4,3.611,2017-04-06,,BRHO2,FALSE,non_plot
brho-p7-all,BRHO,7,NA,TRUE,67,54.687,2017-04-06,,BRHO2,FALSE,non_plot
brho-p7-l1,BRHO,7,1,FALSE,4,6.315,2017-04-06,,BRHO2,FALSE,non_plot
brho-p7-l2,BRHO,7,2,FALSE,2,2.15,2017-04-06,,BRHO2,FALSE,non_plot
brho-p7-l3,BRHO,7,3,FALSE,1,2.288,2017-04-06,,BRHO2,FALSE,non_plot
brho-p8-all,BRHO,8,NA,TRUE,13,18.608,2017-04-06,,BRHO2,FALSE,non_plot
brho-p8-l1,BRHO,8,1,FALSE,3,1.702,2017-04-06,,BRHO2,FALSE,non_plot
brho-p8-l2,BRHO,8,2,FALSE,2,1.247,2017-04-06,,BRHO2,FALSE,non_plot
brho-p8-l3,BRHO,8,3,FALSE,1,2.954,2017-04-06,,BRHO2,FALSE,non_plot
ermo-p1-all,ERMO,1,NA,TRUE,21,41.038,2017-04-06,with_petiole,ERMO7,TRUE,non_plot
ermo-p1-l1,ERMO,1,1,FALSE,1,9.427,2017-04-06,with_petiole,ERMO7,TRUE,non_plot
ermo-p1-l2,ERMO,1,2,FALSE,1,4.393,2017-04-06,with_petiole,ERMO7,TRUE,non_plot
ermo-p1-l3,ERMO,1,3,FALSE,1,5.59,2017-04-06,with_petiole,ERMO7,TRUE,non_plot
ermo-p2-all,ERMO,2,NA,TRUE,28,88.924,2017-04-06,with_petiole,ERMO7,TRUE,non_plot
ermo-p2-l1,ERMO,2,1,FALSE,2,12.428,2017-04-06,with_petiole,ERMO7,TRUE,non_plot
ermo-p2-l2,ERMO,2,2,FALSE,1,6.17,2017-04-06,with_petiole,ERMO7,TRUE,non_plot
ermo-p2-l3,ERMO,2,3,FALSE,1,6.253,2017-04-06,with_petiole,ERMO7,TRUE,non_plot
ermo-p3-all,ERMO,3,NA,TRUE,8,4.176,2017-04-06,with_petiole,ERMO7,TRUE,non_plot
ermo-p3-l1,ERMO,3,1,FALSE,5,5.483,2017-04-06,with_petiole,ERMO7,TRUE,non_plot
ermo-p3-l2,ERMO,3,2,FALSE,3,6.899,2017-04-06,with_petiole,ERMO7,TRUE,non_plot
ermo-p3-l3,ERMO,3,3,FALSE,6,3.778,2017-04-06,with_petiole,ERMO7,TRUE,non_plot
ermo-p4-all,ERMO,4,NA,TRUE,43,48.082,2017-04-06,with_petiole,ERMO7,TRUE,non_plot
ermo-p4-l1,ERMO,4,1,FALSE,3,8.193,2017-04-06,with_petiole,ERMO7,TRUE,non_plot
ermo-p4-l2,ERMO,4,2,FALSE,1,10.486,2017-04-06,with_petiole,ERMO7,TRUE,non_plot
ermo-p4-l3,ERMO,4,3,FALSE,4,9.968,2017-04-06,with_petiole,ERMO7,TRUE,non_plot
ermo-p5-all,ERMO,5,NA,TRUE,4,4.496,2017-04-06,with_petiole,ERMO7,TRUE,non_plot
ermo-p5-l1,ERMO,5,1,FALSE,6,6.431,2017-04-06,with_petiole,ERMO7,TRUE,non_plot
ermo-p5-l2,ERMO,5,2,FALSE,6,3.092,2017-04-06,with_petiole,ERMO7,TRUE,non_plot
ermo-p5-l3,ERMO,5,3,FALSE,6,3.682,2017-04-06,with_petiole,ERMO7,TRUE,non_plot
ermo-p6-all,ERMO,6,NA,TRUE,27,40.864,2017-04-06,with_petiole,ERMO7,TRUE,non_plot
ermo-p6-l1,ERMO,6,1,FALSE,4,11.098,2017-04-06,with_petiole,ERMO7,TRUE,non_plot
ermo-p6-l2,ERMO,6,2,FALSE,7,6.408,2017-04-06,with_petiole,ERMO7,TRUE,non_plot
ermo-p6-l3,ERMO,6,3,FALSE,3,3.323,2017-04-06,with_petiole,ERMO7,TRUE,non_plot
ermo-p7-all,ERMO,7,NA,TRUE,15,17.752,2017-04-06,with_petiole,ERMO7,TRUE,non_plot
ermo-p7-l1,ERMO,7,1,FALSE,6,7.093,2017-04-06,with_petiole,ERMO7,TRUE,non_plot
ermo-p7-l2,ERMO,7,2,FALSE,5,4.385,2017-04-06,with_petiole,ERMO7,TRUE,non_plot
ermo-p7-l3,ERMO,7,3,FALSE,7,4.617,2017-04-06,with_petiole,ERMO7,TRUE,non_plot
ermo-p8-all,ERMO,8,NA,TRUE,14,18.503,2017-04-06,with_petiole,ERMO7,TRUE,non_plot
ermo-p8-l1,ERMO,8,1,FALSE,5,5.883,2017-04-06,with_petiole,ERMO7,TRUE,non_plot
ermo-p8-l2,ERMO,8,2,FALSE,1,4.968,2017-04-06,with_petiole,ERMO7,TRUE,non_plot
ermo-p8-l3,ERMO,8,3,FALSE,1,4.679,2017-04-06,with_petiole,ERMO7,TRUE,non_plot
lubi-p1-all,LUBI,1,NA,TRUE,38,13.419,2017-04-06,with_petiole,LUBI,TRUE,non_plot
lubi-p1-l1,LUBI,1,1,FALSE,1,2.07,2017-04-06,with_petiole,LUBI,TRUE,non_plot
lubi-p1-l2,LUBI,1,2,FALSE,1,1.178,2017-04-06,with_petiole,LUBI,TRUE,non_plot
lubi-p1-l3,LUBI,1,3,FALSE,1,1.149,2017-04-06,with_petiole,LUBI,TRUE,non_plot
lubi-p2-ALL,LUBI,2,NA,TRUE,25,20.119,2017-04-06,with_petiole,LUBI,TRUE,non_plot
lubi-p2-l1,LUBI,2,1,FALSE,2,1.724,2017-04-06,with_petiole,LUBI,TRUE,non_plot
lubi-p2-l2,LUBI,2,2,FALSE,1,1.141,2017-04-06,with_petiole,LUBI,TRUE,non_plot
lubi-p2-l3,LUBI,2,3,FALSE,1,1.891,2017-04-06,with_petiole,LUBI,TRUE,non_plot
lubi-p3-all,LUBI,3,NA,TRUE,13,7.237,2017-04-06,with_petiole,LUBI,TRUE,non_plot
lubi-p3-l1,LUBI,3,1,FALSE,1,1.233,2017-04-06,with_petiole,LUBI,TRUE,non_plot
lubi-p3-l2,LUBI,3,2,FALSE,1,0.662,2017-04-06,with_petiole,LUBI,TRUE,non_plot
lubi-p3-l3,LUBI,3,3,FALSE,1,0.98,2017-04-06,with_petiole,LUBI,TRUE,non_plot
lubi-p4-all,LUBI,4,NA,TRUE,12,7.7,2017-04-06,with_petiole,LUBI,TRUE,non_plot
lubi-p4-l1,LUBI,4,1,FALSE,1,1.784,2017-04-06,with_petiole,LUBI,TRUE,non_plot
lubi-p4-l2,LUBI,4,2,FALSE,1,2.553,2017-04-06,with_petiole,LUBI,TRUE,non_plot
lubi-p4-l3,LUBI,4,3,FALSE,1,1.304,2017-04-06,with_petiole,LUBI,TRUE,non_plot
lubi-p5-all,LUBI,5,NA,TRUE,9,4.729,2017-04-06,with_petiole,LUBI,TRUE,non_plot
lubi-p5-l1,LUBI,5,1,FALSE,1,1.367,2017-04-06,with_petiole,LUBI,TRUE,non_plot
lubi-p5-l2,LUBI,5,2,FALSE,1,0.816,2017-04-06,with_petiole,LUBI,TRUE,non_plot
lubi-p5-l3,LUBI,5,3,FALSE,1,0.67,2017-04-06,with_petiole,LUBI,TRUE,non_plot
lubi-p6-all,LUBI,6,NA,TRUE,23,28.906,2017-04-06,with_petiole,LUBI,TRUE,non_plot
lubi-p6-l1,LUBI,6,1,FALSE,2,2.27,2017-04-06,with_petiole,LUBI,TRUE,non_plot
lubi-p6-l2,LUBI,6,2,FALSE,1,2.189,2017-04-06,with_petiole,LUBI,TRUE,non_plot
lubi-p6-l3,LUBI,6,3,FALSE,1,2.937,2017-04-06,with_petiole,LUBI,TRUE,non_plot
lubi-p7-all,LUBI,7,NA,TRUE,14,3.691,2017-04-06,with_petiole,LUBI,TRUE,non_plot
lubi-p7-l1,LUBI,7,1,FALSE,2,2.132,2017-04-06,with_petiole,LUBI,TRUE,non_plot
lubi-p7-l2,LUBI,7,2,FALSE,1,1.307,2017-04-06,with_petiole,LUBI,TRUE,non_plot
lubi-p7-l3,LUBI,7,3,FALSE,2,1.007,2017-04-06,with_petiole,LUBI,TRUE,non_plot
lubi-p8-all,LUBI,8,NA,TRUE,12,2.908,2017-04-06,with_petiole,LUBI,TRUE,non_plot
lubi-p8-l1,LUBI,8,1,FALSE,1,1.491,2017-04-06,with_petiole,LUBI,TRUE,non_plot
lubi-p8-l2,LUBI,8,2,FALSE,1,1.258,2017-04-06,with_petiole,LUBI,TRUE,non_plot
lubi-p8-l3,LUBI,8,3,FALSE,4,0.467,2017-04-06,with_petiole,LUBI,TRUE,non_plot
vipe-p1-l1,VIPE,1,1,FALSE,1,5.01,2017-04-06,no_petiole,VIPE3,FALSE,non_plot
vipe-p1-l2,VIPE,1,2,FALSE,1,5.796,2017-04-06,no_petiole,VIPE3,FALSE,non_plot
vipe-p1-l3,VIPE,1,3,FALSE,1,3.253,2017-04-06,no_petiole,VIPE3,FALSE,non_plot
vipe-p2-l1,VIPE,2,1,FALSE,1,7.526,2017-04-06,no_petiole,VIPE3,FALSE,non_plot
vipe-p2-l2,VIPE,2,2,FALSE,1,5.517,2017-04-06,no_petiole,VIPE3,FALSE,non_plot
vipe-p2-l3,VIPE,2,3,FALSE,1,5.874,2017-04-06,no_petiole,VIPE3,FALSE,non_plot
vipe-p3-l1,VIPE,3,1,FALSE,3,2.228,2017-04-06,no_petiole,VIPE3,FALSE,non_plot
vipe-p3-l2,VIPE,3,2,FALSE,3,7.96,2017-04-06,no_petiole,VIPE3,FALSE,non_plot
vipe-p3-l3,VIPE,3,3,FALSE,1,6.24,2017-04-06,no_petiole,VIPE3,FALSE,non_plot
vipe-p4-l1,VIPE,4,1,FALSE,1,2.715,2017-04-06,no_petiole,VIPE3,FALSE,non_plot
vipe-p4-l2,VIPE,4,2,FALSE,1,5.003,2017-04-06,no_petiole,VIPE3,FALSE,non_plot
vipe-p4-l3,VIPE,4,3,FALSE,3,4.905,2017-04-06,no_petiole,VIPE3,FALSE,non_plot
vipe-p5-l1,VIPE,5,1,FALSE,1,2.57,2017-04-06,no_petiole,VIPE3,FALSE,non_plot
vipe-p5-l2,VIPE,5,2,FALSE,1,3.142,2017-04-06,no_petiole,VIPE3,FALSE,non_plot
vipe-p5-l3,VIPE,5,3,FALSE,1,3.442,2017-04-06,no_petiole,VIPE3,FALSE,non_plot
vipe-p6-l1,VIPE,6,1,FALSE,3,4.309,2017-04-06,no_petiole,VIPE3,FALSE,non_plot
vipe-p6-l2,VIPE,6,2,FALSE,3,2.425,2017-04-06,no_petiole,VIPE3,FALSE,non_plot
vipe-p6-l3,VIPE,6,3,FALSE,2,3.96,2017-04-06,no_petiole,VIPE3,FALSE,non_plot
vipe-p7-l1,VIPE,7,1,FALSE,1,1.855,2017-04-06,no_petiole,VIPE3,FALSE,non_plot
vipe-p7-l2,VIPE,7,2,FALSE,1,1.749,2017-04-06,no_petiole,VIPE3,FALSE,non_plot
vipe-p7-l3,VIPE,7,3,FALSE,1,2.065,2017-04-06,no_petiole,VIPE3,FALSE,non_plot
vipe-p8-l1,VIPE,8,1,FALSE,1,4.825,2017-04-06,no_petiole,VIPE3,FALSE,non_plot
vipe-p8-l2,VIPE,8,2,FALSE,2,6.993,2017-04-06,no_petiole,VIPE3,FALSE,non_plot
vipe-p8-l3,VIPE,8,3,FALSE,2,5.728,2017-04-06,no_petiole,VIPE3,FALSE,non_plot
vumy-p4-all,VUMY,4,NA,TRUE,20,18.613,2017-04-06,,FEMY2,FALSE,non_plot
vumy-p4-l1,VUMY,4,1,FALSE,3,1.796,2017-04-06,,FEMY2,FALSE,non_plot
vumy-p4-l2,VUMY,4,2,FALSE,1,1.543,2017-04-06,,FEMY2,FALSE,non_plot
vumy-p4-l3,VUMY,4,3,FALSE,3,1.561,2017-04-06,,FEMY2,FALSE,non_plot
vumy-p5-all,VUMY,5,NA,TRUE,23,8.704,2017-04-06,,FEMY2,FALSE,non_plot
vumy-p5-l1,VUMY,5,1,FALSE,5,1.388,2017-04-06,,FEMY2,FALSE,non_plot
vumy-p5-l2,VUMY,5,2,FALSE,4,1.508,2017-04-06,,FEMY2,FALSE,non_plot
vumy-p5-l3,VUMY,5,3,FALSE,3,1.329,2017-04-06,,FEMY2,FALSE,non_plot
vumy-p6-all,VUMY,6,NA,TRUE,36,8.669,2017-04-06,,FEMY2,FALSE,non_plot
vumy-p6-l1,VUMY,6,1,FALSE,1,0.27,2017-04-06,,FEMY2,FALSE,non_plot
vumy-p6-l2,VUMY,6,2,FALSE,2,0.561,2017-04-06,,FEMY2,FALSE,non_plot
vumy-p6-l3,VUMY,6,3,FALSE,3,0.381,2017-04-06,,FEMY2,FALSE,non_plot
vumy-p7-all,VUMY,7,NA,TRUE,49,21.706,2017-04-06,,FEMY2,FALSE,non_plot
vumy-p7-l1,VUMY,7,1,FALSE,5,2.474,2017-04-06,,FEMY2,FALSE,non_plot
vumy-p7-l2,VUMY,7,2,FALSE,7,3.601,2017-04-06,,FEMY2,FALSE,non_plot
vumy-p7-l3,VUMY,7,3,FALSE,8,2.554,2017-04-06,,FEMY2,FALSE,non_plot
vumy-p8-all,VUMY,8,NA,TRUE,31,11.429,2017-04-06,,FEMY2,FALSE,non_plot
vumy-p8-l1,VUMY,8,1,FALSE,3,1.446,2017-04-06,,FEMY2,FALSE,non_plot
vumy-p8-l2,VUMY,8,2,FALSE,3,1.317,2017-04-06,,FEMY2,FALSE,non_plot
vumy-p8-l3,VUMY,8,3,FALSE,3,1.2,2017-04-06,,FEMY2,FALSE,non_plot
microseris-p1-all,MICROSERIS,1,NA,TRUE,4,8.094,2017-04-10,,MIDO,FALSE,non_plot
microseris-p1-l1,MICROSERIS,1,1,FALSE,2,2.603,2017-04-10,,MIDO,FALSE,non_plot
microseris-p1-l2,MICROSERIS,1,2,FALSE,1,2.538,2017-04-10,,MIDO,FALSE,non_plot
microseris-p1-l3,MICROSERIS,1,3,FALSE,2,3.134,2017-04-10,,MIDO,FALSE,non_plot
microseris-p2-all,MICROSERIS,2,NA,TRUE,5,11.521,2017-04-10,,MIDO,FALSE,non_plot
microseris-p2-l1,MICROSERIS,2,1,FALSE,1,4.271,2017-04-10,,MIDO,FALSE,non_plot
microseris-p2-l2,MICROSERIS,2,2,FALSE,1,3.341,2017-04-10,,MIDO,FALSE,non_plot
microseris-p2-l3,MICROSERIS,2,3,FALSE,1,3.494,2017-04-10,,MIDO,FALSE,non_plot
microseris-p3-all,MICROSERIS,3,NA,TRUE,9,12.474,2017-04-10,,MIDO,FALSE,non_plot
microseris-p3-l1,MICROSERIS,3,1,FALSE,2,4.251,2017-04-10,,MIDO,FALSE,non_plot
microseris-p3-l2,MICROSERIS,3,2,FALSE,1,2.677,2017-04-10,,MIDO,FALSE,non_plot
microseris-p3-l3,MICROSERIS,3,3,FALSE,2,3.953,2017-04-10,,MIDO,FALSE,non_plot
microseris-p4-all,MICROSERIS,4,NA,TRUE,5,6.285,2017-04-10,,MIDO,FALSE,non_plot
microseris-p4-l1,MICROSERIS,4,1,FALSE,1,1.539,2017-04-10,,MIDO,FALSE,non_plot
microseris-p4-l2,MICROSERIS,4,2,FALSE,1,1.599,2017-04-10,,MIDO,FALSE,non_plot
microseris-p4-l3,MICROSERIS,4,3,FALSE,1,1.591,2017-04-10,,MIDO,FALSE,non_plot
microseris-p5-all,MICROSERIS,5,NA,TRUE,6,12.79,2017-04-10,,MIDO,FALSE,non_plot
microseris-p5-l1,MICROSERIS,5,1,FALSE,1,5.814,2017-04-10,,MIDO,FALSE,non_plot
microseris-p5-l2,MICROSERIS,5,2,FALSE,3,6.289,2017-04-10,,MIDO,FALSE,non_plot
microseris-p5-l3,MICROSERIS,5,3,FALSE,1,3.915,2017-04-10,,MIDO,FALSE,non_plot
microseris-p6-all,MICROSERIS,6,NA,TRUE,3,11.896,2017-04-10,,MIDO,FALSE,non_plot
microseris-p6-l1,MICROSERIS,6,1,FALSE,2,5.694,2017-04-10,,MIDO,FALSE,non_plot
microseris-p6-l2,MICROSERIS,6,2,FALSE,3,4.261,2017-04-10,,MIDO,FALSE,non_plot
microseris-p6-l3,MICROSERIS,6,3,FALSE,3,1.942,2017-04-10,,MIDO,FALSE,non_plot
microseris-p7-all,MICROSERIS,7,NA,TRUE,5,11.162,2017-04-10,,MIDO,FALSE,non_plot
microseris-p7-l1,MICROSERIS,7,1,FALSE,2,2.576,2017-04-10,,MIDO,FALSE,non_plot
microseris-p7-l2,MICROSERIS,7,2,FALSE,3,3.108,2017-04-10,,MIDO,FALSE,non_plot
microseris-p7-l3,MICROSERIS,7,3,FALSE,1,2.309,2017-04-10,,MIDO,FALSE,non_plot
microseris-p8-all,MICROSERIS,8,NA,TRUE,5,6.935,2017-04-10,,MIDO,FALSE,non_plot
microseris-p8-l1,MICROSERIS,8,1,FALSE,1,2.669,2017-04-10,,MIDO,FALSE,non_plot
microseris-p8-l2,MICROSERIS,8,2,FALSE,2,2.37,2017-04-10,,MIDO,FALSE,non_plot
microseris-p8-l3,MICROSERIS,8,3,FALSE,1,2.021,2017-04-10,,MIDO,FALSE,non_plot
avfa-p1-all,AVFA,1,NA,TRUE,30,67.39,2017-05-10,,AVFA,FALSE,non_plot
avfa-p1-l1,AVFA,1,1,FALSE,4,7.109,2017-05-10,,AVFA,FALSE,non_plot
avfa-p1-l2,AVFA,1,2,FALSE,4,8.253,2017-05-10,,AVFA,FALSE,non_plot
avfa-p1-l3,AVFA,1,3,FALSE,4,8.482,2017-05-10,,AVFA,FALSE,non_plot
avfa-p2-all,AVFA,2,NA,TRUE,14,60.203,2017-05-10,,AVFA,FALSE,non_plot
avfa-p2-l1,AVFA,2,1,FALSE,3,4.82,2017-05-10,,AVFA,FALSE,non_plot
avfa-p2-l2,AVFA,2,2,FALSE,3,9.669,2017-05-10,,AVFA,FALSE,non_plot
avfa-p2-l3,AVFA,2,3,FALSE,3,8.937,2017-05-10,,AVFA,FALSE,non_plot
avfa-p3-all,AVFA,3,NA,TRUE,24,94.819,2017-05-10,,AVFA,FALSE,non_plot
avfa-p3-l1,AVFA,3,1,FALSE,6,6.954,2017-05-10,,AVFA,FALSE,non_plot
avfa-p3-l2,AVFA,3,2,FALSE,6,11.603,2017-05-10,,AVFA,FALSE,non_plot
avfa-p3-l3,AVFA,3,3,FALSE,6,8.694,2017-05-10,,AVFA,FALSE,non_plot
avfa-p4-all,AVFA,4,NA,TRUE,17,69.445,2017-05-10,,AVFA,FALSE,non_plot
avfa-p4-l1,AVFA,4,1,FALSE,4,14.06,2017-05-10,,AVFA,FALSE,non_plot
avfa-p4-l2,AVFA,4,2,FALSE,4,10.291,2017-05-10,,AVFA,FALSE,non_plot
avfa-p4-l3,AVFA,4,3,FALSE,5,18.342,2017-05-10,,AVFA,FALSE,non_plot
avfa-p5-all,AVFA,5,NA,TRUE,24,66.162,2017-05-10,,AVFA,FALSE,non_plot
avfa-p5-l1,AVFA,5,1,FALSE,3,8.681,2017-05-10,,AVFA,FALSE,non_plot
avfa-p5-l2,AVFA,5,2,FALSE,5,10.809,2017-05-10,,AVFA,FALSE,non_plot
avfa-p5-l3,AVFA,5,3,FALSE,3,7.02,2017-05-10,,AVFA,FALSE,non_plot
avfa-p6-all,AVFA,6,NA,TRUE,23,59.522,2017-05-10,,AVFA,FALSE,non_plot
avfa-p6-l1,AVFA,6,1,FALSE,8,9.024,2017-05-10,,AVFA,FALSE,non_plot
avfa-p6-l2,AVFA,6,2,FALSE,5,7.97,2017-05-10,,AVFA,FALSE,non_plot
avfa-p6-l3,AVFA,6,3,FALSE,6,8.841,2017-05-10,,AVFA,FALSE,non_plot
avfa-p7-all,AVFA,7,NA,TRUE,25,81.023,2017-05-10,,AVFA,FALSE,non_plot
avfa-p7-l1,AVFA,7,1,FALSE,6,9.817,2017-05-10,,AVFA,FALSE,non_plot
avfa-p7-l2,AVFA,7,2,FALSE,5,12.572,2017-05-10,,AVFA,FALSE,non_plot
avfa-p7-l3,AVFA,7,3,FALSE,4,6.79,2017-05-10,,AVFA,FALSE,non_plot
avfa-p8-all,AVFA,8,NA,TRUE,18,44.907,2017-05-10,,AVFA,FALSE,non_plot
avfa-p8-l1,AVFA,8,1,FALSE,3,6.386,2017-05-10,,AVFA,FALSE,non_plot
avfa-p8-l2,AVFA,8,2,FALSE,5,5.09,2017-05-10,,AVFA,FALSE,non_plot
avfa-p8-l3,AVFA,8,3,FALSE,7,16.759,2017-05-10,,AVFA,FALSE,non_plot
lase-p1-all,LASE,1,NA,TRUE,4,9.932,2017-05-10,,LASE,FALSE,non_plot
lase-p1-l1,LASE,1,1,FALSE,3,13.447,2017-05-10,,LASE,FALSE,non_plot
lase-p1-l2,LASE,1,2,FALSE,2,13.639,2017-05-10,,LASE,FALSE,non_plot
lase-p1-l3,LASE,1,3,FALSE,2,13.89,2017-05-10,,LASE,FALSE,non_plot
lase-p2-all,LASE,2,NA,TRUE,8,38.947,2017-05-10,,LASE,FALSE,non_plot
lase-p2-l1,LASE,2,1,FALSE,3,11.378,2017-05-10,,LASE,FALSE,non_plot
lase-p2-l2,LASE,2,2,FALSE,3,14.433,2017-05-10,,LASE,FALSE,non_plot
lase-p2-l3,LASE,2,3,FALSE,2,18.856,2017-05-10,,LASE,FALSE,non_plot
lase-p3-all,LASE,3,NA,TRUE,8,93.939,2017-05-10,,LASE,FALSE,non_plot
lase-p3-l1,LASE,3,1,FALSE,1,19.006,2017-05-10,,LASE,FALSE,non_plot
lase-p3-l2,LASE,3,2,FALSE,1,18.61,2017-05-10,,LASE,FALSE,non_plot
lase-p3-l3,LASE,3,3,FALSE,1,13.977,2017-05-10,,LASE,FALSE,non_plot
lase-p4-all,LASE,4,NA,TRUE,19,116.971,2017-05-10,,LASE,FALSE,non_plot
lase-p4-l1,LASE,4,1,FALSE,2,15.803,2017-05-10,,LASE,FALSE,non_plot
lase-p4-l2,LASE,4,2,FALSE,3,22.595,2017-05-10,,LASE,FALSE,non_plot
lase-p4-l3,LASE,4,3,FALSE,4,17.758,2017-05-10,,LASE,FALSE,non_plot
lase-p5-all,LASE,5,NA,TRUE,6,25.802,2017-05-10,,LASE,FALSE,non_plot
lase-p5-l1,LASE,5,1,FALSE,4,11.408,2017-05-10,,LASE,FALSE,non_plot
lase-p5-l2,LASE,5,2,FALSE,1,9.861,2017-05-10,,LASE,FALSE,non_plot
lase-p5-l3,LASE,5,3,FALSE,1,13.541,2017-05-10,,LASE,FALSE,non_plot
lase-p6-all,LASE,6,NA,TRUE,6,36.456,2017-05-10,,LASE,FALSE,non_plot
lase-p6-l1,LASE,6,1,FALSE,1,14.983,2017-05-10,,LASE,FALSE,non_plot
lase-p6-l2,LASE,6,2,FALSE,2,20.983,2017-05-10,,LASE,FALSE,non_plot
lase-p6-l3,LASE,6,3,FALSE,2,19.129,2017-05-10,,LASE,FALSE,non_plot
lase-p7-all-1,LASE,7,NA,TRUE,6,13.59,2017-05-10,,LASE,FALSE,non_plot
lase-p7-all-2,LASE,7,NA,TRUE,0,0,2017-05-10,,LASE,FALSE,non_plot
lase-p7-all,LASE,7,NA,TRUE,6,13.617,2017-05-10,,LASE,FALSE,non_plot
lase-p7-l1,LASE,7,1,FALSE,2,6.255,2017-05-10,,LASE,FALSE,non_plot
lase-p7-l2,LASE,7,2,FALSE,3,8.997,2017-05-10,,LASE,FALSE,non_plot
lase-p7-l3,LASE,7,3,FALSE,1,8.996,2017-05-10,,LASE,FALSE,non_plot
lase-p8-all,LASE,8,NA,TRUE,5,24.337,2017-05-10,,LASE,FALSE,non_plot
lase-p8-l1,LASE,8,1,FALSE,1,9.899,2017-05-10,,LASE,FALSE,non_plot
lase-p8-l2,LASE,8,2,FALSE,3,13.016,2017-05-10,,LASE,FALSE,non_plot
lomu-p1-l1,LOMU,1,1,FALSE,3,2.368,2017-05-10,,LOPE,FALSE,non_plot
lomu-p1-l2,LOMU,1,2,FALSE,2,2.161,2017-05-10,,LOPE,FALSE,non_plot
lomu-p1-l3,LOMU,1,3,FALSE,4,2.709,2017-05-10,,LOPE,FALSE,non_plot
lomu-p2-all,LOMU,2,NA,TRUE,70,74.398,2017-05-10,,LOPE,FALSE,non_plot
lomu-p2-l1,LOMU,2,1,FALSE,3,2.67,2017-05-10,,LOPE,FALSE,non_plot
lomu-p2-l2,LOMU,2,2,FALSE,3,3.203,2017-05-10,,LOPE,FALSE,non_plot
lomu-p2-l3,LOMU,2,3,FALSE,3,2.793,2017-05-10,,LOPE,FALSE,non_plot
lomu-p3-all,LOMU,3,NA,TRUE,30,36.046,2017-05-10,,LOPE,FALSE,non_plot
lomu-p1-all,LOMU,1,NA,TRUE,61,75.131,2017-05-10,,LOPE,FALSE,non_plot
lomu-p3-l2,LOMU,3,2,FALSE,3,2.661,2017-05-10,,LOPE,FALSE,non_plot
lomu-p3-l3,LOMU,3,3,FALSE,4,2.235,2017-05-10,,LOPE,FALSE,non_plot
lomu-p4-all,LOMU,4,NA,TRUE,31,30.821,2017-05-10,,LOPE,FALSE,non_plot
lomu-p4-l1,LOMU,4,1,FALSE,2,2.254,2017-05-10,,LOPE,FALSE,non_plot
lomu-p4-l2,LOMU,4,2,FALSE,4,2.174,2017-05-10,,LOPE,FALSE,non_plot
lomu-p4-l3,LOMU,4,3,FALSE,3,2.365,2017-05-10,,LOPE,FALSE,non_plot
lomu-p5-all,LOMU,5,NA,TRUE,15,17.561,2017-05-10,,LOPE,FALSE,non_plot
lomu-p5-l1,LOMU,5,1,FALSE,5,4.567,2017-05-10,,LOPE,FALSE,non_plot
lomu-p5-l2,LOMU,5,2,FALSE,2,2.191,2017-05-10,,LOPE,FALSE,non_plot
lomu-p5-l3,LOMU,5,3,FALSE,2,2.663,2017-05-10,,LOPE,FALSE,non_plot
lomu-p6-all,LOMU,6,NA,TRUE,23,23.966,2017-05-10,,LOPE,FALSE,non_plot
lomu-p6-l1,LOMU,6,1,FALSE,6,5.011,2017-05-10,,LOPE,FALSE,non_plot
lomu-p6-l2,LOMU,6,2,FALSE,3,2.341,2017-05-10,,LOPE,FALSE,non_plot
lomu-p6-l3,LOMU,6,3,FALSE,3,3.132,2017-05-10,,LOPE,FALSE,non_plot
lomu-p7-all,LOMU,7,NA,TRUE,37,76.64,2017-05-10,,LOPE,FALSE,non_plot
lomu-p7-l1,LOMU,7,1,FALSE,2,2.64,2017-05-10,,LOPE,FALSE,non_plot
lomu-p7-l2,LOMU,7,2,FALSE,3,2.097,2017-05-10,,LOPE,FALSE,non_plot
lomu-p7-l3,LOMU,7,3,FALSE,3,4.08,2017-05-10,,LOPE,FALSE,non_plot
lomu-p8-all,LOMU,8,NA,TRUE,11,11.082,2017-05-10,,LOPE,FALSE,non_plot
lomu-p8-l1,LOMU,8,1,FALSE,3,2.069,2017-05-10,,LOPE,FALSE,non_plot
lomu-p8-l2,LOMU,8,2,FALSE,4,3.815,2017-05-10,,LOPE,FALSE,non_plot
lomu-p8-l3,LOMU,8,3,FALSE,2,1.487,2017-05-10,,LOPE,FALSE,non_plot
capy-p1-all,CAPY,1,NA,TRUE,9,55.026,2017-05-11,,CAPY2,FALSE,non_plot
capy-p1-l1,CAPY,1,1,FALSE,2,26.459,2017-05-11,,CAPY2,FALSE,non_plot
capy-p1-l2,CAPY,1,2,FALSE,5,13.211,2017-05-11,,CAPY2,FALSE,non_plot
capy-p1-l3,CAPY,1,3,FALSE,1,19.124,2017-05-11,,CAPY2,FALSE,non_plot
capy-p2-all,CAPY,2,NA,TRUE,12,132.61,2017-05-11,,CAPY2,FALSE,non_plot
capy-p2-l1,CAPY,2,1,FALSE,7,38.485,2017-05-11,,CAPY2,FALSE,non_plot
capy-p2-l2,CAPY,2,2,FALSE,6,23.654,2017-05-11,,CAPY2,FALSE,non_plot
capy-p2-l3,CAPY,2,3,FALSE,4,16.032,2017-05-11,,CAPY2,FALSE,non_plot
capy-p3-all-1,CAPY,3,NA,TRUE,15,173.799,2017-05-11,,CAPY2,FALSE,non_plot
capy-p3-all-2,CAPY,3,NA,TRUE,0,0,2017-05-11,,CAPY2,FALSE,non_plot
capy-p3-l1,CAPY,3,1,FALSE,2,38.072,2017-05-11,,CAPY2,FALSE,non_plot
capy-p3-l2,CAPY,3,2,FALSE,3,39.491,2017-05-11,,CAPY2,FALSE,non_plot
capy-p3-l3,CAPY,3,3,FALSE,4,9.952,2017-05-11,,CAPY2,FALSE,non_plot
capy-p4-all,CAPY,4,NA,TRUE,10,91.53,2017-05-11,,CAPY2,FALSE,non_plot
capy-p4-l1,CAPY,4,1,FALSE,2,31.251,2017-05-11,,CAPY2,FALSE,non_plot
capy-p4-l2,CAPY,4,2,FALSE,1,21.673,2017-05-11,,CAPY2,FALSE,non_plot
capy-p4-l3,CAPY,4,3,FALSE,1,18.294,2017-05-11,,CAPY2,FALSE,non_plot
capy-p5-all,CAPY,5,NA,TRUE,11,95.181,2017-05-11,,CAPY2,FALSE,non_plot
capy-p5-l1,CAPY,5,1,FALSE,2,29.585,2017-05-11,,CAPY2,FALSE,non_plot
capy-p5-l2,CAPY,5,2,FALSE,4,24.828,2017-05-11,,CAPY2,FALSE,non_plot
capy-p5-l3,CAPY,5,3,FALSE,2,11.002,2017-05-11,,CAPY2,FALSE,non_plot
Capy-p9-all,CAPY,9,NA,TRUE,13,95.45,2017-05-11,,CAPY2,FALSE,non_plot
Capy-p9-l1,CAPY,9,1,FALSE,4,41.035,2017-05-11,,CAPY2,FALSE,non_plot
Capy-p9-l2,CAPY,9,2,FALSE,2,28.646,2017-05-11,,CAPY2,FALSE,non_plot
capy-p6-all,CAPY,6,NA,TRUE,11,151.959,2017-05-11,,CAPY2,FALSE,non_plot
capy-p6-l1,CAPY,6,1,FALSE,2,33.153,2017-05-11,,CAPY2,FALSE,non_plot
capy-p6-l2,CAPY,6,2,FALSE,1,20.489,2017-05-11,,CAPY2,FALSE,non_plot
capy-p6-l3,CAPY,6,3,FALSE,3,8.887,2017-05-11,,CAPY2,FALSE,non_plot
capy-p7-all,CAPY,7,NA,TRUE,14,97.503,2017-05-11,,CAPY2,FALSE,non_plot
capy-p7-l1,CAPY,7,1,FALSE,2,31.542,2017-05-11,,CAPY2,FALSE,non_plot
capy-p7-l2,CAPY,7,2,FALSE,3,37.943,2017-05-11,,CAPY2,FALSE,non_plot
capy-p7-l3,CAPY,7,3,FALSE,2,25.486,2017-05-11,,CAPY2,FALSE,non_plot
capy-p8-l1,CAPY,8,1,FALSE,2,49.794,2017-05-11,,CAPY2,FALSE,non_plot
capy-p8-l2,CAPY,8,2,FALSE,6,42.277,2017-05-11,,CAPY2,FALSE,non_plot
capy-p8-l3,CAPY,8,3,FALSE,5,27.201,2017-05-11,,CAPY2,FALSE,non_plot
napu-p1-all-1,NAPU,1,NA,TRUE,46,54.533,2017-05-11,,STPU2,FALSE,non_plot
napu-p1-all-2,NAPU,1,NA,TRUE,28,34.024,2017-05-11,,STPU2,FALSE,non_plot
napu-p1-l1,NAPU,1,1,FALSE,8,8.569,2017-05-11,,STPU2,FALSE,non_plot
napu-p1-l2,NAPU,1,2,FALSE,8,6.434,2017-05-11,,STPU2,FALSE,non_plot
napu-p1-l3,NAPU,1,3,FALSE,3,3.165,2017-05-11,,STPU2,FALSE,non_plot
napu-p2-all,NAPU,2,NA,TRUE,11,28.086,2017-05-11,,STPU2,FALSE,non_plot
napu-p2-l1,NAPU,2,1,FALSE,4,7.855,2017-05-11,,STPU2,FALSE,non_plot
napu-p2-l2,NAPU,2,2,FALSE,2,4.686,2017-05-11,,STPU2,FALSE,non_plot
napu-p2-l3,NAPU,2,3,FALSE,7,5.639,2017-05-11,,STPU2,FALSE,non_plot
napu-p3-all,NAPU,3,NA,TRUE,21,57.994,2017-05-11,,STPU2,FALSE,non_plot
napu-p3-l1,NAPU,3,1,FALSE,6,5.263,2017-05-11,,STPU2,FALSE,non_plot
napu-p3-l2,NAPU,3,2,FALSE,5,3.362,2017-05-11,,STPU2,FALSE,non_plot
napu-p3-l3,NAPU,3,3,FALSE,6,7.129,2017-05-11,,STPU2,FALSE,non_plot
napu-p4-all,NAPU,4,NA,TRUE,24,29.79,2017-05-11,,STPU2,FALSE,non_plot
napu-p4-l1,NAPU,4,1,FALSE,4,3.888,2017-05-11,,STPU2,FALSE,non_plot
napu-p4-l2,NAPU,4,2,FALSE,3,4.043,2017-05-11,,STPU2,FALSE,non_plot
napu-p4-l3,NAPU,4,3,FALSE,3,3.431,2017-05-11,,STPU2,FALSE,non_plot
napu-p5-all,NAPU,5,NA,TRUE,20,31.694,2017-05-11,,STPU2,FALSE,non_plot
napu-p5-l1,NAPU,5,1,FALSE,5,3.362,2017-05-11,,STPU2,FALSE,non_plot
napu-p5-l2,NAPU,5,2,FALSE,7,6.229,2017-05-11,,STPU2,FALSE,non_plot
napu-p5-l3,NAPU,5,3,FALSE,7,6.373,2017-05-11,,STPU2,FALSE,non_plot
napu-p6-all,NAPU,6,NA,TRUE,39,75.05,2017-05-11,,STPU2,FALSE,non_plot
napu-p6-l1,NAPU,6,1,FALSE,7,6.028,2017-05-11,,STPU2,FALSE,non_plot
napu-p6-l2,NAPU,6,2,FALSE,8,8.251,2017-05-11,,STPU2,FALSE,non_plot
napu-p6-l3,NAPU,6,3,FALSE,7,6.559,2017-05-11,,STPU2,FALSE,non_plot
napu-p7-all,NAPU,7,NA,TRUE,23,45.514,2017-05-11,,STPU2,FALSE,non_plot
napu-p7-l1,NAPU,7,1,FALSE,9,7.296,2017-05-11,,STPU2,FALSE,non_plot
napu-p7-l2,NAPU,7,2,FALSE,7,7.165,2017-05-11,,STPU2,FALSE,non_plot
napu-p7-l3,NAPU,7,3,FALSE,7,8.993,2017-05-11,,STPU2,FALSE,non_plot
napu-p8-all,NAPU,8,NA,TRUE,69,80.72,2017-05-11,,STPU2,FALSE,non_plot
napu-p8-l1,NAPU,8,1,FALSE,13,11.115,2017-05-11,,STPU2,FALSE,non_plot
napu-p8-l2,NAPU,8,2,FALSE,5,2.343,2017-05-11,,STPU2,FALSE,non_plot
napu-p8-l3,NAPU,8,3,FALSE,12,4.272,2017-05-11,,STPU2,FALSE,non_plot
caco-p1-l1,CACO,1,1,FALSE,3,2.429,2017-05-12,,CACO35,FALSE,non_plot
caco-p1-l2,CACO,1,2,FALSE,2,2.84,2017-05-12,,CACO35,FALSE,non_plot
caco-p1-l3,CACO,1,3,FALSE,2,2.613,2017-05-12,,CACO35,FALSE,non_plot
caco-p2-l1,CACO,2,1,FALSE,3,3.965,2017-05-12,,CACO35,FALSE,non_plot
caco-p2-l2,CACO,2,2,FALSE,3,3.294,2017-05-12,,CACO35,FALSE,non_plot
caco-p2-l3,CACO,2,3,FALSE,3,2.824,2017-05-12,,CACO35,FALSE,non_plot
caco-p3-l1,CACO,3,1,FALSE,2,1.638,2017-05-12,,CACO35,FALSE,non_plot
caco-p3-l2,CACO,3,2,FALSE,3,1.851,2017-05-12,,CACO35,FALSE,non_plot
caco-p3-l3,CACO,3,3,FALSE,1,1.449,2017-05-12,,CACO35,FALSE,non_plot
caco-p4-l1,CACO,4,1,FALSE,3,1.346,2017-05-12,,CACO35,FALSE,non_plot
caco-p4-l2,CACO,4,2,FALSE,2,1.694,2017-05-12,,CACO35,FALSE,non_plot
caco-p4-l3,CACO,4,3,FALSE,2,1.535,2017-05-12,,CACO35,FALSE,non_plot
caco-p5-all,CACO,5,NA,TRUE,49,31.502,2017-05-12,,CACO35,FALSE,non_plot
caco-p5-l1,CACO,5,1,FALSE,2,2.305,2017-05-12,,CACO35,FALSE,non_plot
caco-p5-l2,CACO,5,2,FALSE,2,1.772,2017-05-12,,CACO35,FALSE,non_plot
caco-p5-l3,CACO,5,3,FALSE,2,2.207,2017-05-12,,CACO35,FALSE,non_plot
caco-p6-all,CACO,6,NA,TRUE,72,62.452,2017-05-12,,CACO35,FALSE,non_plot
caco-p6-l1,CACO,6,1,FALSE,2,2.735,2017-05-12,,CACO35,FALSE,non_plot
caco-p6-l2,CACO,6,2,FALSE,2,2.355,2017-05-12,,CACO35,FALSE,non_plot
caco-p6-l3,CACO,6,3,FALSE,2,1.891,2017-05-12,,CACO35,FALSE,non_plot
caco-p7-all,CACO,7,NA,TRUE,36,30.511,2017-05-12,,CACO35,FALSE,non_plot
caco-p7-l1,CACO,7,1,FALSE,3,2.693,2017-05-12,,CACO35,FALSE,non_plot
caco-p7-l2,CACO,7,2,FALSE,3,1.984,2017-05-12,,CACO35,FALSE,non_plot
caco-p7-l3,CACO,7,3,FALSE,2,2.045,2017-05-12,,CACO35,FALSE,non_plot
caco-p8-all,CACO,8,NA,TRUE,61,32.613,2017-05-12,,CACO35,FALSE,non_plot
caco-p8-l1,CACO,8,1,FALSE,2,1.303,2017-05-12,,CACO35,FALSE,non_plot
caco-p8-l2,CACO,8,2,FALSE,1,1.391,2017-05-12,,CACO35,FALSE,non_plot
caco-p8-l3,CACO,8,3,FALSE,2,1.657,2017-05-12,,CACO35,FALSE,non_plot
chpo-p1-all,CHPO,1,NA,TRUE,14,63.923,2017-05-12,,CHPO3,FALSE,non_plot
chpo-p1-l1,CHPO,1,1,FALSE,6,33.044,2017-05-12,,CHPO3,FALSE,non_plot
chpo-p1-l2,CHPO,1,2,FALSE,10,30.898,2017-05-12,,CHPO3,FALSE,non_plot
chpo-p1-l3,CHPO,1,3,FALSE,9,31.302,2017-05-12,,CHPO3,FALSE,non_plot
chpo-p2-all,CHPO,2,NA,TRUE,13,47.127,2017-05-12,,CHPO3,FALSE,non_plot
chpo-p2-l1,CHPO,2,1,FALSE,11,36.392,2017-05-12,,CHPO3,FALSE,non_plot
chpo-p2-l2,CHPO,2,2,FALSE,8,19.537,2017-05-12,,CHPO3,FALSE,non_plot
chpo-p2-l3,CHPO,2,3,FALSE,7,20.018,2017-05-12,,CHPO3,FALSE,non_plot
chpo-p3-l1,CHPO,3,1,FALSE,6,26.071,2017-05-12,,CHPO3,FALSE,non_plot
chpo-p3-l2,CHPO,3,2,FALSE,10,29.129,2017-05-12,,CHPO3,FALSE,non_plot
chpo-p3-l3,CHPO,3,3,FALSE,11,21.265,2017-05-12,,CHPO3,FALSE,non_plot
chpo-p4-all,CHPO,4,NA,TRUE,16,50.492,2017-05-12,,CHPO3,FALSE,non_plot
chpo-p4-l1,CHPO,4,1,FALSE,9,32.719,2017-05-12,,CHPO3,FALSE,non_plot
chpo-p4-l2,CHPO,4,2,FALSE,10,39.436,2017-05-12,,CHPO3,FALSE,non_plot
chpo-p4-l3,CHPO,4,3,FALSE,6,20.889,2017-05-12,,CHPO3,FALSE,non_plot
chpo-p5-all,CHPO,5,NA,TRUE,7,14.9,2017-05-12,,CHPO3,FALSE,non_plot
chpo-p5-l1,CHPO,5,1,FALSE,8,34.021,2017-05-12,,CHPO3,FALSE,non_plot
chpo-p5-l2,CHPO,5,2,FALSE,8,26.187,2017-05-12,,CHPO3,FALSE,non_plot
chpo-p5-l3,CHPO,5,3,FALSE,6,31.511,2017-05-12,,CHPO3,FALSE,non_plot
chpo-p6-all,CHPO,6,NA,TRUE,40,152.766,2017-05-12,,CHPO3,FALSE,non_plot
chpo-p6-l1,CHPO,6,1,FALSE,6,19.179,2017-05-12,,CHPO3,FALSE,non_plot
chpo-p6-l2,CHPO,6,2,FALSE,9,33.876,2017-05-12,,CHPO3,FALSE,non_plot
chpo-p6-l3,CHPO,6,3,FALSE,9,42.03,2017-05-12,,CHPO3,FALSE,non_plot
chpo-p7-all,CHPO,7,NA,TRUE,11,47.274,2017-05-12,,CHPO3,FALSE,non_plot
chpo-p7-l1,CHPO,7,1,FALSE,5,27.657,2017-05-12,,CHPO3,FALSE,non_plot
chpo-p7-l2,CHPO,7,2,FALSE,8,35.097,2017-05-12,,CHPO3,FALSE,non_plot
chpo-p7-l3,CHPO,7,3,FALSE,8,22.668,2017-05-12,,CHPO3,FALSE,non_plot
chpo-p8-all,CHPO,8,NA,TRUE,36,113.436,2017-05-12,,CHPO3,FALSE,non_plot
chpo-p8-l1,CHPO,8,1,FALSE,8,39.932,2017-05-12,,CHPO3,FALSE,non_plot
chpo-p8-l2,CHPO,8,2,FALSE,11,40.521,2017-05-12,,CHPO3,FALSE,non_plot
chpo-p8-l3,CHPO,8,3,FALSE,10,45.685,2017-05-12,,CHPO3,FALSE,non_plot
croton-p1-all,CROTON,1,NA,TRUE,9,23.252,2017-05-12,,CRSE11,FALSE,non_plot
croton-p1-l1,CROTON,1,1,FALSE,1,4.208,2017-05-12,,CRSE11,FALSE,non_plot
croton-p1-l2,CROTON,1,2,FALSE,1,4.447,2017-05-12,,CRSE11,FALSE,non_plot
croton-p1-l3,CROTON,1,3,FALSE,1,2.889,2017-05-12,,CRSE11,FALSE,non_plot
croton-p2-all,CROTON,2,NA,TRUE,14,16.123,2017-05-12,,CRSE11,FALSE,non_plot
croton-p2-l1,CROTON,2,1,FALSE,1,2.551,2017-05-12,,CRSE11,FALSE,non_plot
croton-p2-l2,CROTON,2,2,FALSE,1,2.387,2017-05-12,,CRSE11,FALSE,non_plot
croton-p2-l3,CROTON,2,3,FALSE,1,1.359,2017-05-12,,CRSE11,FALSE,non_plot
croton-p3-all,CROTON,3,NA,TRUE,18,60.541,2017-05-12,,CRSE11,FALSE,non_plot
croton-p3-l1,CROTON,3,1,FALSE,1,7.383,2017-05-12,,CRSE11,FALSE,non_plot
croton-p3-l2,CROTON,3,2,FALSE,1,8.781,2017-05-12,,CRSE11,FALSE,non_plot
croton-p3-l3,CROTON,3,3,FALSE,1,1.676,2017-05-12,,CRSE11,FALSE,non_plot
croton-p4-all,CROTON,4,NA,TRUE,27,50.124,2017-05-12,,CRSE11,FALSE,non_plot
croton-p4-l1,CROTON,4,1,FALSE,1,5.936,2017-05-12,,CRSE11,FALSE,non_plot
croton-p4-l2,CROTON,4,2,FALSE,1,5.512,2017-05-12,,CRSE11,FALSE,non_plot
croton-p4-l3,CROTON,4,3,FALSE,1,4.765,2017-05-12,,CRSE11,FALSE,non_plot
croton-p5-all,CROTON,5,NA,TRUE,9,9.558,2017-05-12,,CRSE11,FALSE,non_plot
croton-p5-l1,CROTON,5,1,FALSE,1,3.241,2017-05-12,,CRSE11,FALSE,non_plot
croton-p5-l2,CROTON,5,2,FALSE,1,0.763,2017-05-12,,CRSE11,FALSE,non_plot
croton-p5-l3,CROTON,5,3,FALSE,1,1.878,2017-05-12,,CRSE11,FALSE,non_plot
croton-p6-all,CROTON,6,NA,TRUE,17,25.367,2017-05-12,,CRSE11,FALSE,non_plot
croton-p6-l1,CROTON,6,1,FALSE,1,3.066,2017-05-12,,CRSE11,FALSE,non_plot
croton-p6-l2,CROTON,6,2,FALSE,1,2.026,2017-05-12,,CRSE11,FALSE,non_plot
croton-p6-l3,CROTON,6,3,FALSE,1,3.727,2017-05-12,,CRSE11,FALSE,non_plot
croton-p7-all,CROTON,7,NA,TRUE,9,12.933,2017-05-12,,CRSE11,FALSE,non_plot
croton-p7-l1,CROTON,7,1,FALSE,1,2.977,2017-05-12,,CRSE11,FALSE,non_plot
croton-p7-l2,CROTON,7,2,FALSE,1,2.84,2017-05-12,,CRSE11,FALSE,non_plot
croton-p7-l3,CROTON,7,3,FALSE,1,1.055,2017-05-12,,CRSE11,FALSE,non_plot
croton-p8-all,CROTON,8,NA,TRUE,9,12.638,2017-05-12,,CRSE11,FALSE,non_plot
croton-p8-l1,CROTON,8,1,FALSE,1,2.258,2017-05-12,,CRSE11,FALSE,non_plot
croton-p8-l2,CROTON,8,2,FALSE,1,2.493,2017-05-12,,CRSE11,FALSE,non_plot
croton-p8-l3,CROTON,8,3,FALSE,1,2.375,2017-05-12,,CRSE11,FALSE,non_plot
lara-p1-all,LARA,1,NA,TRUE,25,26.743,2017-05-12,,LARA,FALSE,non_plot
lara-p1-l1,LARA,1,1,FALSE,1,3.148,2017-05-12,,LARA,FALSE,non_plot
lara-p1-l2,LARA,1,2,FALSE,1,3.407,2017-05-12,,LARA,FALSE,non_plot
lara-p1-l3,LARA,1,3,FALSE,1,2.19,2017-05-12,,LARA,FALSE,non_plot
lara-p2-all,LARA,2,NA,TRUE,30,21.558,2017-05-12,,LARA,FALSE,non_plot
lara-p2-l1,LARA,2,1,FALSE,1,2.42,2017-05-12,,LARA,FALSE,non_plot
lara-p2-l2,LARA,2,2,FALSE,1,2.202,2017-05-12,,LARA,FALSE,non_plot
lara-p2-l3,LARA,2,3,FALSE,1,3.315,2017-05-12,,LARA,FALSE,non_plot
lara-p3-all,LARA,3,NA,TRUE,13,16.132,2017-05-12,,LARA,FALSE,non_plot
lara-p3-l1,LARA,3,1,FALSE,1,2.324,2017-05-12,,LARA,FALSE,non_plot
lara-p3-l2,LARA,3,2,FALSE,2,1.915,2017-05-12,,LARA,FALSE,non_plot
lara-p3-l3,LARA,3,3,FALSE,2,1.867,2017-05-12,,LARA,FALSE,non_plot
lara-p4-all,LARA,4,NA,TRUE,10,3.983,2017-05-12,,LARA,FALSE,non_plot
lara-p4-l1,LARA,4,1,FALSE,2,0.959,2017-05-12,,LARA,FALSE,non_plot
lara-p4-l2,LARA,4,2,FALSE,2,1.029,2017-05-12,,LARA,FALSE,non_plot
lara-p4-l3,LARA,4,3,FALSE,1,0.658,2017-05-12,,LARA,FALSE,non_plot
lara-p5-all,LARA,5,NA,TRUE,19,26.847,2017-05-12,,LARA,FALSE,non_plot
lara-p5-l1,LARA,5,1,FALSE,1,3.596,2017-05-12,,LARA,FALSE,non_plot
lara-p5-l2,LARA,5,2,FALSE,2,4.433,2017-05-12,,LARA,FALSE,non_plot
lara-p5-l3,LARA,5,3,FALSE,1,2.629,2017-05-12,,LARA,FALSE,non_plot
lara-p6-all-1,LARA,6,NA,TRUE,45,35.422,2017-05-12,,LARA,FALSE,non_plot
lara-p6-all-2,LARA,6,NA,TRUE,21,7.905,2017-05-12,,LARA,FALSE,non_plot
lara-p6-l1,LARA,6,1,FALSE,2,4.063,2017-05-12,,LARA,FALSE,non_plot
lara-p6-l2,LARA,6,2,FALSE,1,3.138,2017-05-12,,LARA,FALSE,non_plot
lara-p6-l3,LARA,6,3,FALSE,1,2.28,2017-05-12,,LARA,FALSE,non_plot
lara-p7-all,LARA,7,NA,TRUE,51,31.265,2017-05-12,,LARA,FALSE,non_plot
lara-p7-l1,LARA,7,1,FALSE,1,3.033,2017-05-12,,LARA,FALSE,non_plot
lara-p7-l2,LARA,7,2,FALSE,2,2.006,2017-05-12,,LARA,FALSE,non_plot
lara-p7-l3,LARA,7,3,FALSE,2,1.368,2017-05-12,,LARA,FALSE,non_plot
lara-p8-all,LARA,8,NA,TRUE,11,6.233,2017-05-12,,LARA,FALSE,non_plot
lara-p8-l1,LARA,8,1,FALSE,2,1.688,2017-05-12,,LARA,FALSE,non_plot
lara-p8-l2,LARA,8,2,FALSE,1,1.67,2017-05-12,,LARA,FALSE,non_plot
lara-p8-l3,LARA,8,3,FALSE,1,1.178,2017-05-12,,LARA,FALSE,non_plot
siga-p1-all,SIGA,1,NA,TRUE,13,4.457,2017-05-12,,SIGA,FALSE,non_plot
siga-p1-l1,SIGA,1,1,FALSE,1,1.614,2017-05-12,,SIGA,FALSE,non_plot
siga-p1-l2,SIGA,1,2,FALSE,1,1.331,2017-05-12,,SIGA,FALSE,non_plot
siga-p1-l3,SIGA,1,3,FALSE,1,0.984,2017-05-12,,SIGA,FALSE,non_plot
siga-p2-all,SIGA,2,NA,TRUE,45,23.011,2017-05-12,,SIGA,FALSE,non_plot
siga-p2-l1,SIGA,2,1,FALSE,1,1.219,2017-05-12,,SIGA,FALSE,non_plot
siga-p2-l2,SIGA,2,2,FALSE,1,2.094,2017-05-12,,SIGA,FALSE,non_plot
siga-p2-l3,SIGA,2,3,FALSE,1,0.718,2017-05-12,,SIGA,FALSE,non_plot
siga-p3-all,SIGA,3,NA,TRUE,45,29.449,2017-05-12,,SIGA,FALSE,non_plot
siga-p3-l1,SIGA,3,1,FALSE,1,2.079,2017-05-12,,SIGA,FALSE,non_plot
siga-p3-l2,SIGA,3,2,FALSE,1,0.878,2017-05-12,,SIGA,FALSE,non_plot
siga-p3-l3,SIGA,3,3,FALSE,3,2.897,2017-05-12,,SIGA,FALSE,non_plot
siga-p4-all,SIGA,4,NA,TRUE,73,39.322,2017-05-12,,SIGA,FALSE,non_plot
siga-p4-l1,SIGA,4,1,FALSE,1,1.308,2017-05-12,,SIGA,FALSE,non_plot
siga-p4-l2,SIGA,4,2,FALSE,1,0.974,2017-05-12,,SIGA,FALSE,non_plot
siga-p4-l3,SIGA,4,3,FALSE,2,1.587,2017-05-12,,SIGA,FALSE,non_plot
siga-p5-all,SIGA,5,NA,TRUE,42,17.408,2017-05-12,,SIGA,FALSE,non_plot
siga-p5-l1,SIGA,5,1,FALSE,1,1.387,2017-05-12,,SIGA,FALSE,non_plot
siga-p5-l2,SIGA,5,2,FALSE,1,1.925,2017-05-12,,SIGA,FALSE,non_plot
siga-p5-l3,SIGA,5,3,FALSE,1,0.506,2017-05-12,,SIGA,FALSE,non_plot
siga-p6-all,SIGA,6,NA,TRUE,32,20.607,2017-05-12,,SIGA,FALSE,non_plot
siga-p6-l1,SIGA,6,1,FALSE,1,1.874,2017-05-12,,SIGA,FALSE,non_plot
siga-p6-l2,SIGA,6,2,FALSE,1,0.812,2017-05-12,,SIGA,FALSE,non_plot
siga-p6-l3,SIGA,6,3,FALSE,1,0.852,2017-05-12,,SIGA,FALSE,non_plot
siga-p7-all,SIGA,7,NA,TRUE,56,34.193,2017-05-12,,SIGA,FALSE,non_plot
siga-p7-l1,SIGA,7,1,FALSE,1,2.009,2017-05-12,,SIGA,FALSE,non_plot
siga-p7-l2,SIGA,7,2,FALSE,2,1.478,2017-05-12,,SIGA,FALSE,non_plot
siga-p7-l3,SIGA,7,3,FALSE,1,1.404,2017-05-12,,SIGA,FALSE,non_plot
siga-p8-all,SIGA,8,NA,TRUE,12,4.505,2017-05-12,,SIGA,FALSE,non_plot
siga-p8-l1,SIGA,8,1,FALSE,1,0.795,2017-05-12,,SIGA,FALSE,non_plot
siga-p8-l2,SIGA,8,2,FALSE,1,0.761,2017-05-12,,SIGA,FALSE,non_plot
siga-p8-l3,SIGA,8,3,FALSE,1,0.41,2017-05-12,,SIGA,FALSE,non_plot
anar-p1-all,ANAR,1,NA,TRUE,61,36.32,2017-04-14,,ANAR,FALSE,non_plot
anar-p1-l1,ANAR,1,1,FALSE,1,0.644,2017-04-14,,ANAR,FALSE,non_plot
anar-p1-l2,ANAR,1,2,FALSE,1,1.159,2017-04-14,,ANAR,FALSE,non_plot
anar-p1-l3,ANAR,1,3,FALSE,1,0.661,2017-04-14,,ANAR,FALSE,non_plot
anar-p2-all,ANAR,2,NA,TRUE,32,14.155,2017-04-14,,ANAR,FALSE,non_plot
anar-p2-l1,ANAR,2,1,FALSE,1,0.783,2017-04-14,,ANAR,FALSE,non_plot
anar-p2-l2,ANAR,2,2,FALSE,1,0.641,2017-04-14,,ANAR,FALSE,non_plot
anar-p2-l3,ANAR,2,3,FALSE,1,0.598,2017-04-14,,ANAR,FALSE,non_plot
anar-p3-all,ANAR,3,NA,TRUE,76,41.316,2017-04-14,,ANAR,FALSE,non_plot
anar-p3-l1,ANAR,3,1,FALSE,2,1.168,2017-04-14,,ANAR,FALSE,non_plot
anar-p3-l2,ANAR,3,2,FALSE,2,1.474,2017-04-14,,ANAR,FALSE,non_plot
anar-p3-l3,ANAR,3,3,FALSE,1,1.385,2017-04-14,,ANAR,FALSE,non_plot
anar-p4-all,ANAR,4,NA,TRUE,70,23.616,2017-04-14,,ANAR,FALSE,non_plot
anar-p4-l1,ANAR,4,1,FALSE,1,1.122,2017-04-14,,ANAR,FALSE,non_plot
anar-p4-l2,ANAR,4,2,FALSE,1,1.262,2017-04-14,,ANAR,FALSE,non_plot
anar-p4-l3,ANAR,4,3,FALSE,1,0.477,2017-04-14,,ANAR,FALSE,non_plot
anar-p5-all,ANAR,5,NA,TRUE,58,16.409,2017-04-14,,ANAR,FALSE,non_plot
anar-p5-l1,ANAR,5,1,FALSE,1,0.817,2017-04-14,,ANAR,FALSE,non_plot
anar-p5-l2,ANAR,5,2,FALSE,1,0.773,2017-04-14,,ANAR,FALSE,non_plot
anar-p5-l3,ANAR,5,3,FALSE,1,0.726,2017-04-14,,ANAR,FALSE,non_plot
anar-p6-all,ANAR,6,NA,TRUE,60,26.602,2017-04-14,,ANAR,FALSE,non_plot
anar-p6-l1,ANAR,6,1,FALSE,2,1.158,2017-04-14,,ANAR,FALSE,non_plot
anar-p6-l2,ANAR,6,2,FALSE,2,1.588,2017-04-14,,ANAR,FALSE,non_plot
anar-p6-l3,ANAR,6,3,FALSE,1,0.639,2017-04-14,,ANAR,FALSE,non_plot
anar-p7-all,ANAR,7,NA,TRUE,105,32.699,2017-04-14,,ANAR,FALSE,non_plot
anar-p7-l1,ANAR,7,1,FALSE,1,0.952,2017-04-14,,ANAR,FALSE,non_plot
anar-p7-l2,ANAR,7,2,FALSE,1,0.756,2017-04-14,,ANAR,FALSE,non_plot
anar-p7-l3,ANAR,7,3,FALSE,1,0.636,2017-04-14,,ANAR,FALSE,non_plot
anar-p8-all,ANAR,8,NA,TRUE,76,24.968,2017-04-14,,ANAR,FALSE,non_plot
anar-p8-l1,ANAR,8,1,FALSE,1,0.617,2017-04-14,,ANAR,FALSE,non_plot
anar-p8-l2,ANAR,8,2,FALSE,1,0.551,2017-04-14,,ANAR,FALSE,non_plot
anar-p8-l3,ANAR,8,3,FALSE,1,0.488,2017-04-14,,ANAR,FALSE,non_plot
chpa-p1-all-big,CHPA,1,NA,TRUE,76,63.414,2017-05-17,,CHPA8,FALSE,non_plot
chpa-p1-all-small,CHPA,1,NA,TRUE,115,16.049,2017-05-17,,CHPA8,FALSE,non_plot
chpa-p1-l1,CHPA,1,1,FALSE,5,36.237,2017-05-17,,CHPA8,FALSE,non_plot
chpa-p1-l2,CHPA,1,2,FALSE,5,18.008,2017-05-17,,CHPA8,FALSE,non_plot
chpa-p1-l3,CHPA,1,3,FALSE,2,5.332,2017-05-17,,CHPA8,FALSE,non_plot
chpa-p2-all-big,CHPA,2,NA,TRUE,63,39.44,2017-05-17,,CHPA8,FALSE,non_plot
chpa-p2-all-small,CHPA,2,NA,TRUE,92,11.419,2017-05-17,,CHPA8,FALSE,non_plot
chpa-p2-l1,CHPA,2,1,FALSE,2,7.548,2017-05-17,,CHPA8,FALSE,non_plot
chpa-p2-l2,CHPA,2,2,FALSE,4,11.761,2017-05-17,,CHPA8,FALSE,non_plot
chpa-p2-l3,CHPA,2,3,FALSE,2,7.078,2017-05-17,,CHPA8,FALSE,non_plot
chpa-p3-all,CHPA,3,NA,TRUE,37,13.169,2017-05-17,,CHPA8,FALSE,non_plot
chpa-p3-l1,CHPA,3,1,FALSE,1,2.585,2017-05-17,,CHPA8,FALSE,non_plot
chpa-p3-l2,CHPA,3,2,FALSE,2,3.486,2017-05-17,,CHPA8,FALSE,non_plot
chpa-p3-l3,CHPA,3,3,FALSE,2,1.614,2017-05-17,,CHPA8,FALSE,non_plot
chpa-p4-all,CHPA,4,NA,TRUE,43,18.816,2017-05-17,,CHPA8,FALSE,non_plot
chpa-p4-l1,CHPA,4,1,FALSE,1,1.259,2017-05-17,,CHPA8,FALSE,non_plot
chpa-p4-l2,CHPA,4,2,FALSE,1,1.947,2017-05-17,,CHPA8,FALSE,non_plot
chpa-p4-l3,CHPA,4,3,FALSE,1,1.739,2017-05-17,,CHPA8,FALSE,non_plot
chpa-p5-all,CHPA,5,NA,TRUE,54,27.541,2017-05-17,,CHPA8,FALSE,non_plot
chpa-p5-l1,CHPA,5,1,FALSE,2,1.948,2017-05-17,,CHPA8,FALSE,non_plot
chpa-p5-l2,CHPA,5,2,FALSE,3,2.003,2017-05-17,,CHPA8,FALSE,non_plot
chpa-p5-l3,CHPA,5,3,FALSE,4,1.853,2017-05-17,,CHPA8,FALSE,non_plot
chpa-p6-all,CHPA,6,NA,TRUE,119,41.487,2017-05-17,,CHPA8,FALSE,non_plot
chpa-p6-l1,CHPA,6,1,FALSE,1,2.689,2017-05-17,,CHPA8,FALSE,non_plot
chpa-p6-l2,CHPA,6,2,FALSE,1,2.408,2017-05-17,,CHPA8,FALSE,non_plot
chpa-p6-l3,CHPA,6,3,FALSE,3,3.332,2017-05-17,,CHPA8,FALSE,non_plot
chpa-p7-all,CHPA,7,NA,TRUE,43,10.346,2017-05-17,,CHPA8,FALSE,non_plot
chpa-p7-l1,CHPA,7,1,FALSE,1,1.835,2017-05-17,,CHPA8,FALSE,non_plot
chpa-p7-l2,CHPA,7,2,FALSE,1,1.304,2017-05-17,,CHPA8,FALSE,non_plot
chpa-p7-l3,CHPA,7,3,FALSE,1,0.781,2017-05-17,,CHPA8,FALSE,non_plot
chpa-p8-all,CHPA,8,NA,TRUE,133,53.534,2017-05-17,,CHPA8,FALSE,non_plot
chpa-p8-l1,CHPA,8,1,FALSE,1,3.54,2017-05-17,,CHPA8,FALSE,non_plot
chpa-p8-l2,CHPA,8,2,FALSE,2,4.819,2017-05-17,,CHPA8,FALSE,non_plot
chpa-p8-l3,CHPA,8,3,FALSE,1,1.368,2017-05-17,,CHPA8,FALSE,non_plot
ACMO-p1_ALL,ACMO,1,NA,TRUE,19,11.168,2017-04-20,,ACMO2,FALSE,non_plot
ACMO-p1-l1,ACMO,1,1,FALSE,1,1.821,2017-04-20,,ACMO2,FALSE,non_plot
ACMO-p1-l2,ACMO,1,2,FALSE,1,1.425,2017-04-20,,ACMO2,FALSE,non_plot
ACMO-p1-l3,ACMO,1,3,FALSE,1,2.053,2017-04-20,,ACMO2,FALSE,non_plot
ACMO-p2_ALL,ACMO,2,NA,TRUE,39,29.494,2017-04-20,,ACMO2,FALSE,non_plot
ACMO-p2-l1,ACMO,2,1,FALSE,1,1.131,2017-04-20,,ACMO2,FALSE,non_plot
ACMO-p2-l2,ACMO,2,2,FALSE,1,1.226,2017-04-20,,ACMO2,FALSE,non_plot
ACMO-p2-l3,ACMO,2,3,FALSE,1,1.855,2017-04-20,,ACMO2,FALSE,non_plot
ACMO-p3_ALL,ACMO,3,NA,TRUE,48,34.518,2017-04-20,,ACMO2,FALSE,non_plot
ACMO-p3-l1,ACMO,3,1,FALSE,1,2.085,2017-04-20,,ACMO2,FALSE,non_plot
ACMO-p3-l2,ACMO,3,2,FALSE,1,2.335,2017-04-20,,ACMO2,FALSE,non_plot
ACMO-p3-l3,ACMO,3,3,FALSE,1,2.018,2017-04-20,,ACMO2,FALSE,non_plot
ACMO-p4_ALL,ACMO,4,NA,TRUE,66,60.702,2017-04-20,,ACMO2,FALSE,non_plot
ACMO-p4-l1,ACMO,4,1,FALSE,1,2.649,2017-04-20,,ACMO2,FALSE,non_plot
ACMO-p4-l2,ACMO,4,2,FALSE,1,2.457,2017-04-20,,ACMO2,FALSE,non_plot
ACMO-p4-l3,ACMO,4,3,FALSE,1,1.998,2017-04-20,,ACMO2,FALSE,non_plot
ACMO-p5_ALL,ACMO,5,NA,TRUE,61,39.008,2017-04-20,,ACMO2,FALSE,non_plot
ACMO-p5-l1,ACMO,5,1,FALSE,1,2.475,2017-04-20,,ACMO2,FALSE,non_plot
ACMO-p5-l2,ACMO,5,2,FALSE,1,2.165,2017-04-20,,ACMO2,FALSE,non_plot
ACMO-p5-l3,ACMO,5,3,FALSE,1,1.855,2017-04-20,,ACMO2,FALSE,non_plot
ACMO-p6_ALL,ACMO,6,NA,TRUE,21,12.943,2017-04-20,,ACMO2,FALSE,non_plot
ACMO-p6-l1,ACMO,6,1,FALSE,2,3,2017-04-20,,ACMO2,FALSE,non_plot
ACMO-p6-l2,ACMO,6,2,FALSE,1,1.107,2017-04-20,,ACMO2,FALSE,non_plot
ACMO-p6-l3,ACMO,6,3,FALSE,1,1.261,2017-04-20,,ACMO2,FALSE,non_plot
ACMO-p7_ALL,ACMO,7,NA,TRUE,24,15.684,2017-04-20,,ACMO2,FALSE,non_plot
ACMO-p7-l1,ACMO,7,1,FALSE,2,1.341,2017-04-20,,ACMO2,FALSE,non_plot
ACMO-p7-l2,ACMO,7,2,FALSE,1,1.007,2017-04-20,,ACMO2,FALSE,non_plot
ACMO-p7-l3,ACMO,7,3,FALSE,1,0.962,2017-04-20,,ACMO2,FALSE,non_plot
ACMO-p8_ALL,ACMO,8,NA,TRUE,15,10.296,2017-04-20,,ACMO2,FALSE,non_plot
ACMO-p8-l1,ACMO,8,1,FALSE,1,1.529,2017-04-20,,ACMO2,FALSE,non_plot
ACMO-p8-l2,ACMO,8,2,FALSE,1,0.725,2017-04-20,,ACMO2,FALSE,non_plot
ACMO-p8-l3,ACMO,8,3,FALSE,1,0.996,2017-04-20,,ACMO2,FALSE,non_plot
AG2-p1_ALL,AG2,1,NA,TRUE,15,18.33,2017-04-20,,AGHE2,FALSE,non_plot
AG2-p1-l1,AG2,1,1,FALSE,2,5.465,2017-04-20,,AGHE2,FALSE,non_plot
AG2-p1-l2,AG2,1,2,FALSE,3,5.293,2017-04-20,,AGHE2,FALSE,non_plot
AG2-p1-l3,AG2,1,3,FALSE,3,2.973,2017-04-20,,AGHE2,FALSE,non_plot
AG2-p2_ALL,AG2,2,NA,TRUE,14,21.885,2017-04-20,,AGHE2,FALSE,non_plot
AG2-p2-l1,AG2,2,1,FALSE,2,3.34,2017-04-20,,AGHE2,FALSE,non_plot
AG2-p2-l2,AG2,2,2,FALSE,2,3.54,2017-04-20,,AGHE2,FALSE,non_plot
AG2-p2-l3,AG2,2,3,FALSE,2,4.045,2017-04-20,,AGHE2,FALSE,non_plot
AG2-p3_ALL,AG2,3,NA,TRUE,22,39.873,2017-04-20,,AGHE2,FALSE,non_plot
AG2-p3-l1,AG2,3,1,FALSE,4,6.738,2017-04-20,,AGHE2,FALSE,non_plot
AG2-p3-l2,AG2,3,2,FALSE,1,4.968,2017-04-20,,AGHE2,FALSE,non_plot
AG2-p3-l3,AG2,3,3,FALSE,3,5.937,2017-04-20,,AGHE2,FALSE,non_plot
AG2-p4_ALL,AG2,4,NA,TRUE,16,14.116,2017-04-20,,AGHE2,FALSE,non_plot
AG2-p4-l1,AG2,4,1,FALSE,1,3.236,2017-04-20,,AGHE2,FALSE,non_plot
AG2-p4-l2,AG2,4,2,FALSE,3,4.281,2017-04-20,,AGHE2,FALSE,non_plot
AG2-p4-l3,AG2,4,3,FALSE,1,2.733,2017-04-20,,AGHE2,FALSE,non_plot
AG2-p5_ALL,AG2,5,NA,TRUE,23,32.248,2017-04-20,,AGHE2,FALSE,non_plot
AG2-p5-l1,AG2,5,1,FALSE,1,3.834,2017-04-20,,AGHE2,FALSE,non_plot
AG2-p5-l2,AG2,5,2,FALSE,1,2.823,2017-04-20,,AGHE2,FALSE,non_plot
AG2-p5-l3,AG2,5,3,FALSE,2,2.533,2017-04-20,,AGHE2,FALSE,non_plot
AG2-p6_ALL,AG2,6,NA,TRUE,15,35.402,2017-04-20,,AGHE2,FALSE,non_plot
AG2-p6-l1,AG2,6,1,FALSE,3,7.372,2017-04-20,,AGHE2,FALSE,non_plot
AG2-p6-l2,AG2,6,2,FALSE,1,5.843,2017-04-20,,AGHE2,FALSE,non_plot
AG2-p6-l3,AG2,6,3,FALSE,2,4.88,2017-04-20,,AGHE2,FALSE,non_plot
AG2-p7_ALL,AG2,7,NA,TRUE,14,42.174,2017-04-20,,AGHE2,FALSE,non_plot
AG2-p7-l1,AG2,7,1,FALSE,2,7.885,2017-04-20,,AGHE2,FALSE,non_plot
AG2-p7-l2,AG2,7,2,FALSE,1,5.526,2017-04-20,,AGHE2,FALSE,non_plot
AG2-p7-l3,AG2,7,3,FALSE,1,5.99,2017-04-20,,AGHE2,FALSE,non_plot
AG2-p8_ALL,AG2,8,NA,TRUE,17,25.683,2017-04-20,,AGHE2,FALSE,non_plot
AG2-p8-l1,AG2,8,1,FALSE,3,5.271,2017-04-20,,AGHE2,FALSE,non_plot
AG2-p8-l2,AG2,8,2,FALSE,1,2.894,2017-04-20,,AGHE2,FALSE,non_plot
AG2-p8-l3,AG2,8,3,FALSE,1,5.687,2017-04-20,,AGHE2,FALSE,non_plot
AVBA-p1_ALL-lVS,AVBA,1,NA,TRUE,33,25.316,2017-04-21,,AVBA,FALSE,non_plot
AVBA-p1-l1,AVBA,1,1,FALSE,6,2.91,2017-04-21,,AVBA,FALSE,non_plot
AVBA-p1-l2,AVBA,1,2,FALSE,5,5.159,2017-04-21,,AVBA,FALSE,non_plot
AVBA-p1-l3,AVBA,1,3,FALSE,1,3.76,2017-04-21,,AVBA,FALSE,non_plot
AVBA-p2-l1,AVBA,2,1,FALSE,1,6.193,2017-04-21,,AVBA,FALSE,non_plot
AVBA-p2-l2,AVBA,2,2,FALSE,1,3.183,2017-04-21,,AVBA,FALSE,non_plot
AVBA-p2-l3,AVBA,2,3,FALSE,1,6.96,2017-04-21,,AVBA,FALSE,non_plot
AVBA-p3-l1,AVBA,3,1,FALSE,1,3.24,2017-04-21,,AVBA,FALSE,non_plot
AVBA-p3-l2,AVBA,3,2,FALSE,2,3.549,2017-04-21,,AVBA,FALSE,non_plot
AVBA-p3-l3,AVBA,3,3,FALSE,1,3.685,2017-04-21,,AVBA,FALSE,non_plot
AVBA-p4-l1,AVBA,4,1,FALSE,1,5.303,2017-04-21,,AVBA,FALSE,non_plot
AVBA-p4-l2,AVBA,4,2,FALSE,1,8.172,2017-04-21,,AVBA,FALSE,non_plot
AVBA-p4-l3,AVBA,4,3,FALSE,1,6.872,2017-04-21,,AVBA,FALSE,non_plot
AVBA-p5-l1,AVBA,5,1,FALSE,1,5.274,2017-04-21,,AVBA,FALSE,non_plot
AVBA-p5-l2,AVBA,5,2,FALSE,1,6.216,2017-04-21,,AVBA,FALSE,non_plot
AVBA-p5-l3,AVBA,5,3,FALSE,1,6.638,2017-04-21,,AVBA,FALSE,non_plot
AVBA-p6-l1,AVBA,6,1,FALSE,1,4.971,2017-04-21,,AVBA,FALSE,non_plot
AVBA-p6-l2,AVBA,6,2,FALSE,1,4.446,2017-04-21,,AVBA,FALSE,non_plot
AVBA-p6-l3,AVBA,6,3,FALSE,1,3.803,2017-04-21,,AVBA,FALSE,non_plot
AVBA-p7-l1,AVBA,7,1,FALSE,1,4.321,2017-04-21,,AVBA,FALSE,non_plot
AVBA-p7-l2,AVBA,7,2,FALSE,1,5.585,2017-04-21,,AVBA,FALSE,non_plot
AVBA-p7-l3,AVBA,7,3,FALSE,1,3.618,2017-04-21,,AVBA,FALSE,non_plot
AVBA-p8-l1,AVBA,8,1,FALSE,1,6.215,2017-04-21,,AVBA,FALSE,non_plot
AVBA-p8-l2,AVBA,8,2,FALSE,1,4.906,2017-04-21,,AVBA,FALSE,non_plot
AVBA-p8-l3,AVBA,8,3,FALSE,1,3.956,2017-04-21,,AVBA,FALSE,non_plot
BRDI-p1_ALL-lVS,BRDI,1,NA,TRUE,22,86.868,2017-04-21,,BRDI3,FALSE,non_plot
BRDI-p1-l1,BRDI,1,1,FALSE,1,11.14,2017-04-21,,BRDI3,FALSE,non_plot
BRDI-p1-l2,BRDI,1,2,FALSE,1,11.718,2017-04-21,,BRDI3,FALSE,non_plot
BRDI-p1-l3,BRDI,1,3,FALSE,1,8.894,2017-04-21,,BRDI3,FALSE,non_plot
BRDI-p2_ALL-lVS,BRDI,2,NA,TRUE,22,55.845,2017-04-21,,BRDI3,FALSE,non_plot
BRDI-p2-l1,BRDI,2,1,FALSE,3,9.716,2017-04-21,,BRDI3,FALSE,non_plot
BRDI-p2-l2,BRDI,2,2,FALSE,3,6.943,2017-04-21,,BRDI3,FALSE,non_plot
BRDI-p2-l3,BRDI,2,3,FALSE,2,6.198,2017-04-21,,BRDI3,FALSE,non_plot
BRDI-p3_ALL-lVS,BRDI,3,NA,TRUE,31,137.511,2017-04-21,,BRDI3,FALSE,non_plot
BRDI-p3-l1,BRDI,3,1,FALSE,1,15.32,2017-04-21,,BRDI3,FALSE,non_plot
BRDI-p3-l2,BRDI,3,2,FALSE,3,13.056,2017-04-21,,BRDI3,FALSE,non_plot
BRDI-p3-l3,BRDI,3,3,FALSE,3,10.317,2017-04-21,,BRDI3,FALSE,non_plot
BRDI-p4_ALL-lVS,BRDI,4,NA,TRUE,7,19.803,2017-04-21,,BRDI3,FALSE,non_plot
BRDI-p4-l1,BRDI,4,1,FALSE,3,5.852,2017-04-21,,BRDI3,FALSE,non_plot
BRDI-p4-l2,BRDI,4,2,FALSE,3,11.663,2017-04-21,,BRDI3,FALSE,non_plot
BRDI-p4-l3,BRDI,4,3,FALSE,3,7.442,2017-04-21,,BRDI3,FALSE,non_plot
BRDI-p5_ALL-lVS,BRDI,5,NA,TRUE,29,131.755,2017-04-21,,BRDI3,FALSE,non_plot
BRDI-p5-l1,BRDI,5,1,FALSE,1,11.835,2017-04-21,,BRDI3,FALSE,non_plot
BRDI-p5-l2,BRDI,5,2,FALSE,2,10.222,2017-04-21,,BRDI3,FALSE,non_plot
BRDI-p5-l3,BRDI,5,3,FALSE,3,11.141,2017-04-21,,BRDI3,FALSE,non_plot
BRDI-p6_ALL-lVS,BRDI,6,NA,TRUE,8,20.676,2017-04-21,,BRDI3,FALSE,non_plot
BRDI-p6-l1,BRDI,6,1,FALSE,3,8.101,2017-04-21,,BRDI3,FALSE,non_plot
BRDI-p6-l2,BRDI,6,2,FALSE,1,6.06,2017-04-21,,BRDI3,FALSE,non_plot
BRDI-p6-l3,BRDI,6,3,FALSE,2,12.133,2017-04-21,,BRDI3,FALSE,non_plot
BRDI-p7_ALL-lVS1,BRDI,7,NA,TRUE,14,60.489,2017-04-21,,BRDI3,FALSE,non_plot
BRDI-p7_ALL-lVS2,BRDI,7,NA,TRUE,25,90.328,2017-04-21,,BRDI3,FALSE,non_plot
BRDI-p7-l1,BRDI,7,1,FALSE,3,9.984,2017-04-21,,BRDI3,FALSE,non_plot
BRDI-p7-l2,BRDI,7,2,FALSE,2,11.87,2017-04-21,,BRDI3,FALSE,non_plot
BRDI-p7-l3,BRDI,7,3,FALSE,4,16.924,2017-04-21,,BRDI3,FALSE,non_plot
BRDI-p8_ALL-lVS,BRDI,8,NA,TRUE,17,51.239,2017-04-21,,BRDI3,FALSE,non_plot
BRDI-p8-l1,BRDI,8,1,FALSE,1,9.923,2017-04-21,,BRDI3,FALSE,non_plot
BRDI-p8-l2,BRDI,8,2,FALSE,3,13.833,2017-04-21,,BRDI3,FALSE,non_plot
BRDI-p8-l3,BRDI,8,3,FALSE,3,9.825,2017-04-21,,BRDI3,FALSE,non_plot
ERMO-p1-l1,ERMO,1,1,FALSE,10,11.139,2017-04-21,no_petiole,ERMO7,FALSE,non_plot
ERMO-p1-l2,ERMO,1,2,FALSE,10,9.934,2017-04-21,no_petiole,ERMO7,FALSE,non_plot
ERMO-p1-l3,ERMO,1,3,FALSE,10,14.023,2017-04-21,no_petiole,ERMO7,FALSE,non_plot
ERMO-p2-l1,ERMO,2,1,FALSE,10,17.811,2017-04-21,no_petiole,ERMO7,FALSE,non_plot
ERMO-p2-l2,ERMO,2,2,FALSE,10,16.311,2017-04-21,no_petiole,ERMO7,FALSE,non_plot
ERMO-p2-l3,ERMO,2,3,FALSE,10,10.709,2017-04-21,no_petiole,ERMO7,FALSE,non_plot
ERMO-p3-l1,ERMO,3,1,FALSE,9,7.002,2017-04-21,no_petiole,ERMO7,FALSE,non_plot
ERMO-p3-l2,ERMO,3,2,FALSE,9,8.956,2017-04-21,no_petiole,ERMO7,FALSE,non_plot
ERMO-p3-l3,ERMO,3,3,FALSE,5,6.521,2017-04-21,no_petiole,ERMO7,FALSE,non_plot
ERMO-p4-l1,ERMO,4,1,FALSE,9,9.835,2017-04-21,no_petiole,ERMO7,FALSE,non_plot
ERMO-p4-l2,ERMO,4,2,FALSE,8,6.352,2017-04-21,no_petiole,ERMO7,FALSE,non_plot
ERMO-p4-l3,ERMO,4,3,FALSE,9,3.447,2017-04-21,no_petiole,ERMO7,FALSE,non_plot
ERMO-p5-l1,ERMO,5,1,FALSE,9,9.112,2017-04-21,no_petiole,ERMO7,FALSE,non_plot
ERMO-p5-l2,ERMO,5,2,FALSE,10,4.715,2017-04-21,no_petiole,ERMO7,FALSE,non_plot
ERMO-p5-l3,ERMO,5,3,FALSE,9,7.476,2017-04-21,no_petiole,ERMO7,FALSE,non_plot
ERMO-p6-l1,ERMO,6,1,FALSE,12,12.95,2017-04-21,no_petiole,ERMO7,FALSE,non_plot
ERMO-p6-l2,ERMO,6,2,FALSE,9,5.838,2017-04-21,no_petiole,ERMO7,FALSE,non_plot
ERMO-p6-l3,ERMO,6,3,FALSE,8,5.568,2017-04-21,no_petiole,ERMO7,FALSE,non_plot
ERMO-p7-l1,ERMO,7,1,FALSE,9,4.854,2017-04-21,no_petiole,ERMO7,FALSE,non_plot
ERMO-p8-l1,ERMO,8,1,FALSE,10,6.544,2017-04-21,no_petiole,ERMO7,FALSE,non_plot
LOST-p5-l1,LOST,5,1,FALSE,9,0.93,2017-04-21,no_petiole,LOST4,FALSE,non_plot
LOST-p6-l1,LOST,6,1,FALSE,7,0.599,2017-04-21,no_petiole,LOST4,FALSE,non_plot
LOST-p7-l1,LOST,7,1,FALSE,12,1.291,2017-04-21,no_petiole,LOST4,FALSE,non_plot
LOST-p8-l1,LOST,8,1,FALSE,8,0.623,2017-04-21,no_petiole,LOST4,FALSE,non_plot
LOST-p1-l1,LOST,1,1,FALSE,1,0.181,2017-04-21,no_petiole,LOST4,FALSE,non_plot
LOST-p1-l2,LOST,1,2,FALSE,1,0.128,2017-04-21,no_petiole,LOST4,FALSE,non_plot
LOST-p1-l3,LOST,1,3,FALSE,1,0.161,2017-04-21,no_petiole,LOST4,FALSE,non_plot
LOST-p2-l1,LOST,2,1,FALSE,1,0.106,2017-04-21,no_petiole,LOST4,FALSE,non_plot
LOST-p2-l2,LOST,2,2,FALSE,1,0.128,2017-04-21,no_petiole,LOST4,FALSE,non_plot
LOST-p2-l3,LOST,2,3,FALSE,1,0.098,2017-04-21,no_petiole,LOST4,FALSE,non_plot
LOST-p3-l1,LOST,3,1,FALSE,1,0.126,2017-04-21,no_petiole,LOST4,FALSE,non_plot
LOST-p3-l2,LOST,3,2,FALSE,1,0.11,2017-04-21,no_petiole,LOST4,FALSE,non_plot
LOST-p3-l3,LOST,3,3,FALSE,1,0.1,2017-04-21,no_petiole,LOST4,FALSE,non_plot
LOST-p4-l1,LOST,4,1,FALSE,1,0.181,2017-04-21,no_petiole,LOST4,FALSE,non_plot
LOST-p4-l2,LOST,4,2,FALSE,1,0.108,2017-04-21,no_petiole,LOST4,FALSE,non_plot
LOST-p4-l3,LOST,4,3,FALSE,1,0.164,2017-04-21,no_petiole,LOST4,FALSE,non_plot
LUBI-p1-l1,LUBI,1,1,FALSE,7,2.311,2017-04-21,no_petiole,LUBI,FALSE,non_plot
LUBI-p1-l2,LUBI,1,2,FALSE,6,1.409,2017-04-21,no_petiole,LUBI,FALSE,non_plot
LUBI-p1-l3,LUBI,1,3,FALSE,7,2.158,2017-04-21,no_petiole,LUBI,FALSE,non_plot
LUBI-p2-l1,LUBI,2,1,FALSE,8,1.126,2017-04-21,no_petiole,LUBI,FALSE,non_plot
LUBI-p2-l2,LUBI,2,2,FALSE,6,1.371,2017-04-21,no_petiole,LUBI,FALSE,non_plot
LUBI-p2-l3,LUBI,2,3,FALSE,8,2.387,2017-04-21,no_petiole,LUBI,FALSE,non_plot
LUBI-p3-l1,LUBI,3,1,FALSE,8,2.593,2017-04-21,no_petiole,LUBI,FALSE,non_plot
LUBI-p3-l2,LUBI,3,2,FALSE,6,2.789,2017-04-21,no_petiole,LUBI,FALSE,non_plot
LUBI-p3-l3,LUBI,3,3,FALSE,6,1.464,2017-04-21,no_petiole,LUBI,FALSE,non_plot
LUBI-p4-l1,LUBI,4,1,FALSE,7,1.799,2017-04-21,no_petiole,LUBI,FALSE,non_plot
LUBI-p4-l2,LUBI,4,2,FALSE,8,1.491,2017-04-21,no_petiole,LUBI,FALSE,non_plot
LUBI-p4-l3,LUBI,4,3,FALSE,1,0.914,2017-04-21,no_petiole,LUBI,FALSE,non_plot
LUBI-p5-l1,LUBI,5,1,FALSE,8,1.707,2017-04-21,no_petiole,LUBI,FALSE,non_plot
LUBI-p5-l2,LUBI,5,2,FALSE,7,1.634,2017-04-21,no_petiole,LUBI,FALSE,non_plot
LUBI-p5-l3,LUBI,5,3,FALSE,1,1.16,2017-04-21,no_petiole,LUBI,FALSE,non_plot
LUBI-p6-l1,LUBI,6,1,FALSE,7,2.783,2017-04-21,no_petiole,LUBI,FALSE,non_plot
LUBI-p6-l2,LUBI,6,2,FALSE,7,1.422,2017-04-21,no_petiole,LUBI,FALSE,non_plot
LUBI-p6-l3,LUBI,6,3,FALSE,8,2.174,2017-04-21,no_petiole,LUBI,FALSE,non_plot
TRAL-p2_focal-lVS,TRAL,2,1,FALSE,3,0.38,2017-04-21,,TRAL5,FALSE,non_plot
TRAL-p3_focal-lVS,TRAL,3,1,FALSE,3,1.024,2017-04-21,,TRAL5,FALSE,non_plot
TRAL-p4_focal-lVS,TRAL,4,1,FALSE,3,1.099,2017-04-21,,TRAL5,FALSE,non_plot
TRAL-p5_focal-lVS,TRAL,5,1,FALSE,3,1.832,2017-04-21,,TRAL5,FALSE,non_plot
TRAL-p6_focal-lVS,TRAL,6,1,FALSE,3,0.39,2017-04-21,,TRAL5,FALSE,non_plot
TRAL-p7_focal-lVS,TRAL,7,1,FALSE,3,0.484,2017-04-21,,TRAL5,FALSE,non_plot
TRAL-p8_focal-lVS,TRAL,8,1,FALSE,3,0.949,2017-04-21,,TRAL5,FALSE,non_plot
TRAL-p1_focal-lVS,TRAL,1,1,FALSE,3,1.422,2017-04-21,,TRAL5,FALSE,non_plot
TRAL-p2_focal-lVS,TRAL,2,2,FALSE,3,1.268,2017-04-21,,TRAL5,FALSE,non_plot
TRAL-p4_focal-lVS,TRAL,4,2,FALSE,3,2.92,2017-04-21,,TRAL5,FALSE,non_plot
TRAL-p5_focal-lVS,TRAL,5,2,FALSE,3,0.667,2017-04-21,,TRAL5,FALSE,non_plot
TRAL-p6_focal-lVS,TRAL,6,2,FALSE,3,0.905,2017-04-21,,TRAL5,FALSE,non_plot
TRAL-p7_focal-lVS,TRAL,7,2,FALSE,3,0.617,2017-04-21,,TRAL5,FALSE,non_plot
TRAL-p8_focal-lVS,TRAL,8,2,FALSE,3,1.124,2017-04-21,,TRAL5,FALSE,non_plot
TRAL-p1_focal-lVS,TRAL,1,2,FALSE,3,1.356,2017-04-21,,TRAL5,FALSE,non_plot
TRAL-p3_focal-lVS,TRAL,3,2,FALSE,3,0.905,2017-04-21,,TRAL5,FALSE,non_plot
TRAL-p2_focal-lVS,TRAL,2,3,FALSE,3,0.665,2017-04-21,,TRAL5,FALSE,non_plot
TRAL-p4_focal-lVS,TRAL,4,3,FALSE,3,2.759,2017-04-21,,TRAL5,FALSE,non_plot
TRAL-p5_focal-lVS,TRAL,5,3,FALSE,3,2.057,2017-04-21,,TRAL5,FALSE,non_plot
TRAL-p6_focal-lVS,TRAL,6,3,FALSE,3,0.813,2017-04-21,,TRAL5,FALSE,non_plot
TRAL-p7_focal-lVS,TRAL,7,3,FALSE,3,2.254,2017-04-21,,TRAL5,FALSE,non_plot
TRAL-p8_focal-lVS,TRAL,8,3,FALSE,3,1.01,2017-04-21,,TRAL5,FALSE,non_plot
TRAL-p1_focal-lVS,TRAL,1,3,FALSE,3,2.216,2017-04-21,,TRAL5,FALSE,non_plot
TRAL-p1_all-lvs,TRAL,1,NA,TRUE,125,42.845,2017-04-21,no_petiole,TRAL5,FALSE,non_plot
TRAL-p2_all-lvs,TRAL,2,NA,TRUE,23,3.876,2017-04-21,no_petiole,TRAL5,FALSE,non_plot
TRAL-p3_all-lvs,TRAL,3,NA,TRUE,3,0.927,2017-04-21,no_petiole,TRAL5,FALSE,non_plot
TRAL-p4_all-lvs,TRAL,4,NA,TRUE,33,13.96,2017-04-21,no_petiole,TRAL5,FALSE,non_plot
TRAL-p5_all-lvs,TRAL,5,NA,TRUE,9,1.997,2017-04-21,no_petiole,TRAL5,FALSE,non_plot
TRAL-p6_all-lvs,TRAL,6,NA,TRUE,6,1.772,2017-04-21,no_petiole,TRAL5,FALSE,non_plot
TRAL-p7_all-lvs,TRAL,7,NA,TRUE,6,3.385,2017-04-21,no_petiole,TRAL5,FALSE,non_plot
TRAL-p8_all-lvs,TRAL,8,NA,TRUE,29,7.829,2017-04-21,no_petiole,TRAL5,FALSE,non_plot
gilia-p1-all,GILIA,1,NA,TRUE,32,16.007,2017-03-22,with_petiole,GIOC,TRUE,non_plot
gilia-p1-l1,GILIA,1,1,FALSE,1,0.838,2017-03-22,with_petiole,GIOC,TRUE,non_plot
gilia-p1-l2,GILIA,1,2,FALSE,1,0.838,2017-03-22,with_petiole,GIOC,TRUE,non_plot
gilia-p1-l3,GILIA,1,3,FALSE,1,0.785,2017-03-22,with_petiole,GIOC,TRUE,non_plot
gilia-p2-all,GILIA,2,NA,TRUE,49,31.217,2017-03-22,with_petiole,GIOC,TRUE,non_plot
gilia-p2-l1,GILIA,2,1,FALSE,1,1.763,2017-03-22,with_petiole,GIOC,TRUE,non_plot
gilia-p2-l2,GILIA,2,2,FALSE,1,1.433,2017-03-22,with_petiole,GIOC,TRUE,non_plot
gilia-p2-l3,GILIA,2,3,FALSE,1,1.861,2017-03-22,with_petiole,GIOC,TRUE,non_plot
gilia-p3-all,GILIA,3,NA,TRUE,31,28.435,2017-03-22,with_petiole,GIOC,TRUE,non_plot
gilia-p3-l1,GILIA,3,1,FALSE,1,1.469,2017-03-22,with_petiole,GIOC,TRUE,non_plot
gilia-p3-l2,GILIA,3,2,FALSE,1,2.137,2017-03-22,with_petiole,GIOC,TRUE,non_plot
gilia-p3-l3,GILIA,3,3,FALSE,1,1.449,2017-03-22,with_petiole,GIOC,TRUE,non_plot
gilia-p4-all,GILIA,4,NA,TRUE,52,33.335,2017-03-22,with_petiole,GIOC,TRUE,non_plot
gilia-p4-l1,GILIA,4,1,FALSE,1,1.975,2017-03-22,with_petiole,GIOC,TRUE,non_plot
gilia-p4-l2,GILIA,4,2,FALSE,1,1.709,2017-03-22,with_petiole,GIOC,TRUE,non_plot
gilia-p4-l3,GILIA,4,3,FALSE,1,1.693,2017-03-22,with_petiole,GIOC,TRUE,non_plot
gilia-p5-all,GILIA,5,NA,TRUE,54,28.701,2017-03-22,with_petiole,GIOC,TRUE,non_plot
gilia-p5-l1,GILIA,5,1,FALSE,2,1.534,2017-03-22,with_petiole,GIOC,TRUE,non_plot
gilia-p5-l2,GILIA,5,2,FALSE,2,1.758,2017-03-22,with_petiole,GIOC,TRUE,non_plot
gilia-p5-l3,GILIA,5,3,FALSE,2,1.936,2017-03-22,with_petiole,GIOC,TRUE,non_plot
gilia-p6-all,GILIA,6,NA,TRUE,31,30.461,2017-03-22,with_petiole,GIOC,TRUE,non_plot
gilia-p6-l1,GILIA,6,1,FALSE,2,1.865,2017-03-22,with_petiole,GIOC,TRUE,non_plot
gilia-p6-l2,GILIA,6,2,FALSE,2,1.577,2017-03-22,with_petiole,GIOC,TRUE,non_plot
gilia-p6-l3,GILIA,6,3,FALSE,2,1.871,2017-03-22,with_petiole,GIOC,TRUE,non_plot
gilia-p7-all,GILIA,7,NA,TRUE,41,32.284,2017-03-22,with_petiole,GIOC,TRUE,non_plot
gilia-p7-l1,GILIA,7,1,FALSE,2,2.628,2017-03-22,with_petiole,GIOC,TRUE,non_plot
gilia-p7-l2,GILIA,7,2,FALSE,2,2.169,2017-03-22,with_petiole,GIOC,TRUE,non_plot
gilia-p7-l3,GILIA,7,3,FALSE,2,2.283,2017-03-22,with_petiole,GIOC,TRUE,non_plot
gilia-p8-all,GILIA,8,NA,TRUE,33,23.132,2017-03-22,with_petiole,GIOC,TRUE,non_plot
gilia-p8-l1,GILIA,8,1,FALSE,1,1.475,2017-03-22,with_petiole,GIOC,TRUE,non_plot
gilia-p8-l2,GILIA,8,2,FALSE,6,1.043,2017-03-22,with_petiole,GIOC,TRUE,non_plot
gilia-p8-l3,GILIA,8,3,FALSE,1,1.047,2017-03-22,with_petiole,GIOC,TRUE,non_plot
lebo-p1-all,LEBO,1,NA,TRUE,39,37.673,2017-03-22,with_petiole,LEBI4,TRUE,non_plot
lebo-p1-l1,LEBO,1,1,FALSE,1,2.209,2017-03-22,with_petiole,LEBI4,TRUE,non_plot
lebo-p1-l2,LEBO,1,2,FALSE,1,2.906,2017-03-22,with_petiole,LEBI4,TRUE,non_plot
lebo-p1-l3,LEBO,1,3,FALSE,1,1.024,2017-03-22,with_petiole,LEBI4,TRUE,non_plot
lebo-p2-all,LEBO,2,NA,TRUE,28,17.038,2017-03-22,with_petiole,LEBI4,TRUE,non_plot
lebo-p2-l1,LEBO,2,1,FALSE,1,1.63,2017-03-22,with_petiole,LEBI4,TRUE,non_plot
lebo-p2-l2,LEBO,2,2,FALSE,1,1.402,2017-03-22,with_petiole,LEBI4,TRUE,non_plot
lebo-p2-l3,LEBO,2,3,FALSE,1,0.914,2017-03-22,with_petiole,LEBI4,TRUE,non_plot
lebo-p3-all,LEBO,3,NA,TRUE,32,20.438,2017-03-22,with_petiole,LEBI4,TRUE,non_plot
lebo-p3-l1,LEBO,3,1,FALSE,1,1.672,2017-03-22,with_petiole,LEBI4,TRUE,non_plot
lebo-p3-l2,LEBO,3,2,FALSE,1,1.446,2017-03-22,with_petiole,LEBI4,TRUE,non_plot
lebo-p3-l3,LEBO,3,3,FALSE,1,1.204,2017-03-22,with_petiole,LEBI4,TRUE,non_plot
lebo-p4-all,LEBO,4,NA,TRUE,18,12.493,2017-03-22,with_petiole,LEBI4,TRUE,non_plot
lebo-p4-l1,LEBO,4,1,FALSE,3,2.281,2017-03-22,with_petiole,LEBI4,TRUE,non_plot
lebo-p4-l2,LEBO,4,2,FALSE,2,2.075,2017-03-22,with_petiole,LEBI4,TRUE,non_plot
lebo-p4-l3,LEBO,4,3,FALSE,4,1.179,2017-03-22,with_petiole,LEBI4,TRUE,non_plot
lebo-p5-all,LEBO,5,NA,TRUE,58,54.143,2017-03-22,with_petiole,LEBI4,TRUE,non_plot
lebo-p5-l1,LEBO,5,1,FALSE,4,1.944,2017-03-22,with_petiole,LEBI4,TRUE,non_plot
lebo-p5-l2,LEBO,5,2,FALSE,1,2.428,2017-03-22,with_petiole,LEBI4,TRUE,non_plot
lebo-p5-l3,LEBO,5,3,FALSE,3,1.299,2017-03-22,with_petiole,LEBI4,TRUE,non_plot
lebo-p6-all-1,LEBO,6,NA,TRUE,47,46.606,2017-03-22,with_petiole,LEBI4,TRUE,non_plot
lebo-p6-all-2,LEBO,6,NA,TRUE,51,54.118,2017-03-22,with_petiole,LEBI4,TRUE,non_plot
lebo-p6-l1,LEBO,6,1,FALSE,4,2.103,2017-03-22,with_petiole,LEBI4,TRUE,non_plot
lebo-p6-l2,LEBO,6,2,FALSE,1,1.277,2017-03-22,with_petiole,LEBI4,TRUE,non_plot
lebo-p6-l3,LEBO,6,3,FALSE,1,1.213,2017-03-22,with_petiole,LEBI4,TRUE,non_plot
lebo-p7-all,LEBO,7,NA,TRUE,21,15.196,2017-03-22,with_petiole,LEBI4,TRUE,non_plot
lebo-p7-l1,LEBO,7,1,FALSE,1,2.12,2017-03-22,with_petiole,LEBI4,TRUE,non_plot
lebo-p7-l2,LEBO,7,2,FALSE,1,1.251,2017-03-22,with_petiole,LEBI4,TRUE,non_plot
lebo-p7-l3,LEBO,7,3,FALSE,1,1.016,2017-03-22,with_petiole,LEBI4,TRUE,non_plot
lebo-p8-all,LEBO,8,NA,TRUE,40,49.996,2017-03-22,with_petiole,LEBI4,TRUE,non_plot
lebo-p8-l1,LEBO,8,1,FALSE,1,2.508,2017-03-22,with_petiole,LEBI4,TRUE,non_plot
lebo-p8-l2,LEBO,8,2,FALSE,1,3.779,2017-03-22,with_petiole,LEBI4,TRUE,non_plot
lebo-p8-l3,LEBO,8,3,FALSE,1,1.323,2017-03-22,with_petiole,LEBI4,TRUE,non_plot
BOIN-p1_focal-leaves,BOIN,1,1,FALSE,1,3.396,2017-04-22,,BOIN3,FALSE,non_plot
BOIN-p2_focal-leaves,BOIN,2,1,FALSE,1,1.315,2017-04-22,,BOIN3,FALSE,non_plot
BOIN-p3_focal-leaves,BOIN,3,1,FALSE,1,3.243,2017-04-22,,BOIN3,FALSE,non_plot
BOIN-p4_focal-leaves,BOIN,4,1,FALSE,1,1.878,2017-04-22,,BOIN3,FALSE,non_plot
BOIN-p5_focal-leaves,BOIN,5,1,FALSE,1,2.364,2017-04-22,,BOIN3,FALSE,non_plot
BOIN-p6_focal-leaves,BOIN,6,1,FALSE,1,4.226,2017-04-22,,BOIN3,FALSE,non_plot
BOIN-p7_focal-leaves,BOIN,7,1,FALSE,1,3.417,2017-04-22,,BOIN3,FALSE,non_plot
BOIN-p8_focal-leaves,BOIN,8,1,FALSE,1,3.372,2017-04-22,,BOIN3,FALSE,non_plot
BOIN-p1_focal-leaves,BOIN,1,2,FALSE,1,2.75,2017-04-22,,BOIN3,FALSE,non_plot
BOIN-p2_focal-leaves,BOIN,2,2,FALSE,1,1.46,2017-04-22,,BOIN3,FALSE,non_plot
BOIN-p3_focal-leaves,BOIN,3,2,FALSE,1,1.788,2017-04-22,,BOIN3,FALSE,non_plot
BOIN-p4_focal-leaves,BOIN,4,2,FALSE,1,1.532,2017-04-22,,BOIN3,FALSE,non_plot
BOIN-p5_focal-leaves,BOIN,5,2,FALSE,1,2.035,2017-04-22,,BOIN3,FALSE,non_plot
BOIN-p6_focal-leaves,BOIN,6,2,FALSE,1,5.879,2017-04-22,,BOIN3,FALSE,non_plot
BOIN-p7_focal-leaves,BOIN,7,2,FALSE,1,3.164,2017-04-22,,BOIN3,FALSE,non_plot
BOIN-p8_focal-leaves,BOIN,8,2,FALSE,1,2.636,2017-04-22,,BOIN3,FALSE,non_plot
BOIN-p1_focal-leaves,BOIN,1,3,FALSE,1,3.959,2017-04-22,,BOIN3,FALSE,non_plot
BOIN-p2_focal-leaves,BOIN,2,3,FALSE,1,1.892,2017-04-22,,BOIN3,FALSE,non_plot
BOIN-p3_focal-leaves,BOIN,3,3,FALSE,1,2.368,2017-04-22,,BOIN3,FALSE,non_plot
BOIN-p4_focal-leaves,BOIN,4,3,FALSE,1,1.847,2017-04-22,,BOIN3,FALSE,non_plot
BOIN-p5_focal-leaves,BOIN,5,3,FALSE,1,2.22,2017-04-22,,BOIN3,FALSE,non_plot
BOIN-p6_focal-leaves,BOIN,6,3,FALSE,1,1.599,2017-04-22,,BOIN3,FALSE,non_plot
BOIN-p7_focal-leaves,BOIN,7,3,FALSE,1,3.662,2017-04-22,,BOIN3,FALSE,non_plot
BOIN-p8_focal-leaves,BOIN,8,3,FALSE,1,3.868,2017-04-22,,BOIN3,FALSE,non_plot
GAAP-p1_focal-leaves,GAAP,1,1,FALSE,3,2.909,2017-04-22,,GAAP2,FALSE,non_plot
GAAP-p2_focal-leaves,GAAP,2,1,FALSE,3,3.425,2017-04-22,,GAAP2,FALSE,non_plot
GAAP-p3_focal-leaves,GAAP,3,1,FALSE,3,1.832,2017-04-22,,GAAP2,FALSE,non_plot
GAAP-p4_focal-leaves,GAAP,4,1,FALSE,3,1.706,2017-04-22,,GAAP2,FALSE,non_plot
GAAP-p5_focal-leaves,GAAP,5,1,FALSE,3,1.786,2017-04-22,,GAAP2,FALSE,non_plot
GAAP-p6_focal-leaves,GAAP,6,1,FALSE,3,2.574,2017-04-22,,GAAP2,FALSE,non_plot
GAAP-p8_focal-leaves,GAAP,8,1,FALSE,3,1.812,2017-04-22,,GAAP2,FALSE,non_plot
GAAP-p1_focal-leaves,GAAP,1,2,FALSE,3,1.376,2017-04-22,,GAAP2,FALSE,non_plot
GAAP-p2_focal-leaves,GAAP,2,2,FALSE,3,2.716,2017-04-22,,GAAP2,FALSE,non_plot
GAAP-p3_focal-leaves,GAAP,3,2,FALSE,4,2.038,2017-04-22,,GAAP2,FALSE,non_plot
GAAP-p4_focal-leaves,GAAP,4,2,FALSE,3,1.485,2017-04-22,,GAAP2,FALSE,non_plot
GAAP-p5_focal-leaves,GAAP,5,2,FALSE,3,1.643,2017-04-22,,GAAP2,FALSE,non_plot
GAAP-p6_focal-leaves,GAAP,6,2,FALSE,3,2.648,2017-04-22,,GAAP2,FALSE,non_plot
GAAP-p8_focal-leaves,GAAP,8,2,FALSE,3,1.402,2017-04-22,,GAAP2,FALSE,non_plot
GAAP-p1_focal-leaves,GAAP,1,3,FALSE,3,1.827,2017-04-22,,GAAP2,FALSE,non_plot
GAAP-p2_focal-leaves,GAAP,2,3,FALSE,3,1.624,2017-04-22,,GAAP2,FALSE,non_plot
GAAP-p3_focal-leaves,GAAP,3,3,FALSE,3,1.599,2017-04-22,,GAAP2,FALSE,non_plot
GAAP-p4_focal-leaves,GAAP,4,3,FALSE,3,0.697,2017-04-22,,GAAP2,FALSE,non_plot
GAAP-p5_focal-leaves,GAAP,5,3,FALSE,3,1.137,2017-04-22,,GAAP2,FALSE,non_plot
GAAP-p6_focal-leaves,GAAP,6,3,FALSE,3,1.355,2017-04-22,,GAAP2,FALSE,non_plot
GAAP-p8_focal-leaves,GAAP,8,3,FALSE,3,0.733,2017-04-22,,GAAP2,FALSE,non_plot
TOAR-p1-l1,TOAR,1,1,FALSE,9,16.516,2017-04-22,,TOAR,FALSE,non_plot
TOAR-p1-l2,TOAR,1,2,FALSE,9,6.507,2017-04-22,,TOAR,FALSE,non_plot
TOAR-p1-l3,TOAR,1,3,FALSE,9,4.168,2017-04-22,,TOAR,FALSE,non_plot
TOAR-p2-l1,TOAR,2,1,FALSE,12,17.211,2017-04-22,,TOAR,FALSE,non_plot
TOAR-p2-l2,TOAR,2,2,FALSE,10,7.45,2017-04-22,,TOAR,FALSE,non_plot
TOAR-p2-l3,TOAR,2,3,FALSE,9,13.094,2017-04-22,,TOAR,FALSE,non_plot
TOAR-p3-l1,TOAR,3,1,FALSE,11,22.028,2017-04-22,,TOAR,FALSE,non_plot
TOAR-p3-l2,TOAR,3,2,FALSE,9,13.668,2017-04-22,,TOAR,FALSE,non_plot
TOAR-p3-l3,TOAR,3,3,FALSE,11,32.346,2017-04-22,,TOAR,FALSE,non_plot
TOAR-p4-l1,TOAR,4,1,FALSE,9,18.905,2017-04-22,,TOAR,FALSE,non_plot
TOAR-p4-l2,TOAR,4,2,FALSE,12,8.21,2017-04-22,,TOAR,FALSE,non_plot
TOAR-p4-l3,TOAR,4,3,FALSE,12,13.119,2017-04-22,,TOAR,FALSE,non_plot
TOAR-p5-l1,TOAR,5,1,FALSE,14,25.954,2017-04-22,,TOAR,FALSE,non_plot
TOAR-p5-l2,TOAR,5,2,FALSE,11,22.217,2017-04-22,,TOAR,FALSE,non_plot
TOAR-p5-l3,TOAR,5,3,FALSE,11,12.54,2017-04-22,,TOAR,FALSE,non_plot
TOAR-p6-l1,TOAR,6,1,FALSE,17,16.673,2017-04-22,,TOAR,FALSE,non_plot
TOAR-p6-l2,TOAR,6,2,FALSE,14,20.255,2017-04-22,,TOAR,FALSE,non_plot
TOAR-p6-l3,TOAR,6,3,FALSE,13,11.982,2017-04-22,,TOAR,FALSE,non_plot
TOAR-p7-l1,TOAR,7,1,FALSE,16,20.63,2017-04-22,,TOAR,FALSE,non_plot
TOAR-p7-l2,TOAR,7,2,FALSE,23,30.471,2017-04-22,,TOAR,FALSE,non_plot
TOAR-p7-l3,TOAR,7,3,FALSE,14,12.932,2017-04-22,,TOAR,FALSE,non_plot
TOAR-p8-l1,TOAR,8,1,FALSE,13,13.534,2017-04-22,,TOAR,FALSE,non_plot
TOAR-p8-l2,TOAR,8,2,FALSE,9,8.327,2017-04-22,,TOAR,FALSE,non_plot
TOAR-p8-l3,TOAR,8,3,FALSE,19,21.239,2017-04-22,,TOAR,FALSE,non_plot
clpe-p1-all-bracts,CLPE,1,NA,TRUE,4,49.809,2017-03-24,no_petiole,CLPE,FALSE,non_plot
clpe-p1-all-leaves,CLPE,1,NA,TRUE,5,27.95,2017-03-24,no_petiole,CLPE,FALSE,non_plot
clpe-p2-all-bracts,CLPE,2,NA,TRUE,8,56.343,2017-03-24,no_petiole,CLPE,FALSE,non_plot
clpe-p2-all-leaves,CLPE,2,NA,TRUE,1,7.706,2017-03-24,no_petiole,CLPE,FALSE,non_plot
clpe-p3-all-bracts,CLPE,3,NA,TRUE,6,83.031,2017-03-24,no_petiole,CLPE,FALSE,non_plot
clpe-p3-all-leaves,CLPE,3,NA,TRUE,5,44.619,2017-03-24,no_petiole,CLPE,FALSE,non_plot
clpe-p4-all-bracts,CLPE,4,NA,TRUE,4,19.326,2017-03-24,no_petiole,CLPE,FALSE,non_plot
clpe-p4-all-leaves,CLPE,4,NA,TRUE,1,2.044,2017-03-24,no_petiole,CLPE,FALSE,non_plot
clpe-p5-all-bracts,CLPE,5,NA,TRUE,7,23.899,2017-03-24,no_petiole,CLPE,FALSE,non_plot
clpe-p5-all-leaves,CLPE,5,NA,TRUE,4,21.621,2017-03-24,no_petiole,CLPE,FALSE,non_plot
clpe-p6-all-bracts,CLPE,6,NA,TRUE,5,61.109,2017-03-24,no_petiole,CLPE,FALSE,non_plot
clpe-p6-all-leaves,CLPE,6,NA,TRUE,3,20.819,2017-03-24,no_petiole,CLPE,FALSE,non_plot
clpe-p7-all-bracts,CLPE,7,NA,TRUE,7,55.175,2017-03-24,no_petiole,CLPE,FALSE,non_plot
clpe-p7-all-leaves,CLPE,7,NA,TRUE,5,22.486,2017-03-24,no_petiole,CLPE,FALSE,non_plot
clpe-p8-all-bracts,CLPE,8,NA,TRUE,5,50.243,2017-03-24,no_petiole,CLPE,FALSE,non_plot
clpe-p8-all-leaves,CLPE,8,NA,TRUE,3,14.052,2017-03-24,no_petiole,CLPE,FALSE,non_plot
clpe-p1-all-bracts,CLPE,1,NA,TRUE,8,61.371,2017-03-24,with_petiole,CLPE,TRUE,non_plot
clpe-p1-all-leaves,CLPE,1,NA,TRUE,15,38.654,2017-03-24,with_petiole,CLPE,TRUE,non_plot
clpe-p2-all-bracts,CLPE,2,NA,TRUE,19,73.058,2017-03-24,with_petiole,CLPE,TRUE,non_plot
clpe-p2-all-leaves,CLPE,2,NA,TRUE,5,12.107,2017-03-24,with_petiole,CLPE,TRUE,non_plot
clpe-p3-all-bracts,CLPE,3,NA,TRUE,16,106.757,2017-03-24,with_petiole,CLPE,TRUE,non_plot
clpe-p3-all-leaves,CLPE,3,NA,TRUE,13,62.483,2017-03-24,with_petiole,CLPE,TRUE,non_plot
clpe-p4-all-bracts,CLPE,4,NA,TRUE,8,25.592,2017-03-24,with_petiole,CLPE,TRUE,non_plot
clpe-p4-all-leaves,CLPE,4,NA,TRUE,6,7.602,2017-03-24,with_petiole,CLPE,TRUE,non_plot
clpe-p5-all-bracts,CLPE,5,NA,TRUE,12,30.608,2017-03-24,with_petiole,CLPE,TRUE,non_plot
clpe-p5-all-leaves,CLPE,5,NA,TRUE,9,29.549,2017-03-24,with_petiole,CLPE,TRUE,non_plot
clpe-p6-all-bracts,CLPE,6,NA,TRUE,10,75.225,2017-03-24,with_petiole,CLPE,TRUE,non_plot
clpe-p6-all-leaves,CLPE,6,NA,TRUE,8,33.806,2017-03-24,with_petiole,CLPE,TRUE,non_plot
clpe-p7-all-bracts,CLPE,7,NA,TRUE,13,72.33,2017-03-24,with_petiole,CLPE,TRUE,non_plot
clpe-p7-all-leaves,CLPE,7,NA,TRUE,11,32.664,2017-03-24,with_petiole,CLPE,TRUE,non_plot
clpe-p8-all-bracts,CLPE,8,NA,TRUE,9,60.71,2017-03-24,with_petiole,CLPE,TRUE,non_plot
clpe-p8-all-leaves,CLPE,8,NA,TRUE,6,19.842,2017-03-24,with_petiole,CLPE,TRUE,non_plot
clpe-p1-l1,CLPE,1,1,FALSE,1,21.617,2017-03-24,no_petiole,CLPE,FALSE,non_plot
clpe-p1-l2,CLPE,1,2,FALSE,1,18.621,2017-03-24,no_petiole,CLPE,FALSE,non_plot
clpe-p1-l3,CLPE,1,3,FALSE,1,10,2017-03-24,no_petiole,CLPE,FALSE,non_plot
clpe-p2-l1,CLPE,2,1,FALSE,1,9.565,2017-03-24,no_petiole,CLPE,FALSE,non_plot
clpe-p2-l2,CLPE,2,2,FALSE,1,12.43,2017-03-24,no_petiole,CLPE,FALSE,non_plot
clpe-p2-l3,CLPE,2,3,FALSE,1,7.405,2017-03-24,no_petiole,CLPE,FALSE,non_plot
clpe-p3-l1,CLPE,3,1,FALSE,1,17.801,2017-03-24,no_petiole,CLPE,FALSE,non_plot
clpe-p3-l2,CLPE,3,2,FALSE,1,6.076,2017-03-24,no_petiole,CLPE,FALSE,non_plot
clpe-p3-l3,CLPE,3,3,FALSE,1,4.78,2017-03-24,no_petiole,CLPE,FALSE,non_plot
clpe-p4-l1,CLPE,4,1,FALSE,1,8.23,2017-03-24,no_petiole,CLPE,FALSE,non_plot
clpe-p4-l2,CLPE,4,2,FALSE,1,4.555,2017-03-24,no_petiole,CLPE,FALSE,non_plot
clpe-p4-l3,CLPE,4,3,FALSE,1,1.885,2017-03-24,no_petiole,CLPE,FALSE,non_plot
clpe-p5-l1,CLPE,5,1,FALSE,1,9.449,2017-03-24,no_petiole,CLPE,FALSE,non_plot
clpe-p5-l2,CLPE,5,2,FALSE,1,9.702,2017-03-24,no_petiole,CLPE,FALSE,non_plot
clpe-p5-l3,CLPE,5,3,FALSE,1,6.016,2017-03-24,no_petiole,CLPE,FALSE,non_plot
clpe-p6-l1,CLPE,6,1,FALSE,2,11.318,2017-03-24,no_petiole,CLPE,FALSE,non_plot
clpe-p6-l2,CLPE,6,2,FALSE,1,13.218,2017-03-24,no_petiole,CLPE,FALSE,non_plot
clpe-p6-l3,CLPE,6,3,FALSE,1,4.425,2017-03-24,no_petiole,CLPE,FALSE,non_plot
clpe-p7-l1,CLPE,7,1,FALSE,1,13.491,2017-03-24,no_petiole,CLPE,FALSE,non_plot
clpe-p7-l2,CLPE,7,2,FALSE,1,8.361,2017-03-24,no_petiole,CLPE,FALSE,non_plot
clpe-p7-l3,CLPE,7,3,FALSE,1,6.171,2017-03-24,no_petiole,CLPE,FALSE,non_plot
clpe-p8-l1,CLPE,8,1,FALSE,1,18.787,2017-03-24,no_petiole,CLPE,FALSE,non_plot
clpe-p8-l2,CLPE,8,2,FALSE,1,12.054,2017-03-24,no_petiole,CLPE,FALSE,non_plot
clpe-p8-l3,CLPE,8,3,FALSE,1,12.823,2017-03-24,no_petiole,CLPE,FALSE,non_plot
