plot,species,plant_number,tissue_type,aboveground_biomass_g,year,date,notes
non_plot,ACMO2,2,,0.6308,2017,4/20/17,
non_plot,ACMO2,3,,0.6827,2017,4/20/17,
non_plot,ACMO2,4,,0.8625,2017,4/20/17,
non_plot,ACMO2,4,leaves,0.2692,2017,4/20/17,
non_plot,ACMO2,5,,0.7159,2017,4/20/17,
non_plot,ACMO2,6,,0.3849,2017,4/20/17,
non_plot,ACMO2,7,,0.225,2017,4/20/17,
non_plot,ACMO2,8,,0.2191,2017,4/20/17,
UCLA,ACMO2,1,leaves,0.3154,2019,12/12/19,
UCLA,ACMO2,1,stem,0.0733,2019,12/12/19,
UCLA,ACMO2,2,leaves,0.2277,2019,12/12/19,
UCLA,ACMO2,2,stem,0.00644,2019,12/12/19,
UCLA,ACMO2,3,leaves,0.2803,2019,12/12/19,
UCLA,ACMO2,3,stem,0.0589,2019,12/12/19,
UCLA,ACMO2,4,leaves,0.244,2019,12/12/19,
UCLA,ACMO2,4,stem,0.065,2019,12/12/19,
UCLA,ACMO2,5,leaves,0.2413,2019,12/12/19,
UCLA,ACMO2,5,stem,0.0312,2019,12/12/19,
UCLA,ACMO2,6,leaves,0.1923,2019,12/12/19,
UCLA,ACMO2,6,stem,0.0515,2019,12/12/19,
UCLA,ACMO2,7,leaves,0.1457,2019,12/12/19,
UCLA,ACMO2,7,stem,0.0503,2019,12/12/19,
UCLA,ACMO2,8,leaves,0.1302,2019,12/12/19,
UCLA,ACMO2,8,stem,0.0379,2019,12/12/19,
751,AGHE,1,,0.297,2017,,
751,AGHE,2,,0.0778,2017,,
751,AGHE,3,,0.0692,2017,,
751,AGHE,4,,0.0826,2017,,
751,AGHE,5,,0.3031,2017,,
752,AGHE,1,,0.5357,2017,,
752,AGHE,2,,0.0747,2017,,
754,AGHE,1,,0.3623,2017,,
754,AGHE,2,,0.0742,2017,,
non_plot,AGHE2,1,,0.1394,2017,4/20/17,
non_plot,AGHE2,2,,0.2802,2017,4/20/17,
non_plot,AGHE2,3,,0.3712,2017,4/20/17,
non_plot,AGHE2,4,,0.2095,2017,4/20/17,
non_plot,AGHE2,5,,0.3727,2017,4/20/17,
non_plot,AGHE2,6,,0.4965,2017,4/20/17,
non_plot,AGHE2,7,,0.5423,2017,4/20/17,
non_plot,AGHE2,8,,0.2307,2017,4/20/17,
UCLA,AGHE2,1,leaves,0.1986,2019,12/9/19,
UCLA,AGHE2,1,stem,0.0614,2019,12/9/19,
UCLA,AGHE2,2,leaves,0.1293,2019,12/9/19,
UCLA,AGHE2,2,stem,0.0267,2019,12/9/19,
UCLA,AGHE2,3,leaves,0.1357,2019,12/9/19,
UCLA,AGHE2,3,stem,0.0316,2019,12/9/19,
UCLA,AGHE2,4,leaves,0.1646,2019,12/9/19,
UCLA,AGHE2,4,stem,0.0246,2019,12/9/19,
UCLA,AGHE2,5,leaves,0.0866,2019,12/9/19,
UCLA,AGHE2,5,stem,0.0127,2019,12/9/19,
UCLA,AGHE2,6,leaves,0.0659,2019,12/9/19,
UCLA,AGHE2,6,stem,0.0143,2019,12/9/19,
UCLA,AGHE2,7,leaves,0.0748,2019,12/9/19,
UCLA,AGHE2,7,stem,0.0144,2019,12/9/19,
UCLA,AGHE2,8,leaves,0.0683,2019,12/9/19,
UCLA,AGHE2,8,stem,0.0154,2019,12/9/19,
752,AMME,1,,0.2247,2017,,
749,AMME,1,,0.5192,2017,,
749,AMME,2,,0.1858,2017,,
749,AMME,3,,0.4682,2017,,
749,AMME,4,,0.2409,2017,,
749,AMME,5,,0.0876,2017,,
non_plot,ANAR,1,,0.2278,2017,4/14/17,
non_plot,ANAR,2,,0.087,2017,4/14/17,
non_plot,ANAR,3,,0.2966,2017,4/14/17,
non_plot,ANAR,4,,0.1299,2017,4/14/17,
non_plot,ANAR,5,,0.0901,2017,4/14/17,
non_plot,ANAR,6,,0.2357,2017,4/14/17,
non_plot,ANAR,7,,0.2421,2017,4/14/17,
non_plot,ANAR,8,,0.1759,2017,4/14/17,
non_plot,AVBA,1,,2.2068,2017,4/21/17,
non_plot,AVBA,2,,2.9416,2017,4/21/17,
non_plot,AVBA,2,leaves,0.4105,2017,4/21/17,not scanned 
non_plot,AVBA,3,,0.877,2017,4/21/17,
non_plot,AVBA,3,leaves,0.0949,2017,4/21/17,
non_plot,AVBA,3,,0.505,2017,4/21/17,
non_plot,AVBA,3,leaves,0.1441,2017,4/21/17,w/o scan 
non_plot,AVBA,4,,1.6678,2017,4/21/17,
non_plot,AVBA,5,,1.7422,2017,4/21/17,
non_plot,AVBA,5,leaves,0.2253,2017,4/21/17,
non_plot,AVBA,6,leaves,0.1581,2017,4/21/17,
non_plot,AVBA,6,,0.7926,2017,4/21/17,
non_plot,AVBA,7,leaves,0.1737,2017,4/21/17,
non_plot,AVBA,7,,1.5917,2017,4/21/17,
non_plot,AVBA,8,leaves,0.159,2017,4/21/17,
non_plot,AVBA,8,,2.0189,2017,4/21/17,
non_plot,AVFA,1,leaves,0.3364,2017,5/10/17,
non_plot,AVFA,1,stem,2.2022,2017,5/10/17,
non_plot,AVFA,2,leaves,0.3273,2017,5/10/17,
non_plot,AVFA,2,stem,2.0132,2017,5/10/17,
non_plot,AVFA,3,leaves,0.4616,2017,5/10/17,
non_plot,AVFA,3,stem,1.6238,2017,5/10/17,
non_plot,AVFA,4,leaves,0.4295,2017,5/10/17,
non_plot,AVFA,4,stem,5.3038,2017,5/10/17,
non_plot,AVFA,5,leaves,0.3414,2017,5/10/17,
non_plot,AVFA,5,stem,1.9053,2017,5/10/17,
non_plot,AVFA,6,leaves,0.3014,2017,5/10/17,
non_plot,AVFA,6,stem,2.6934,2017,5/10/17,
non_plot,AVFA,7,leaves,0.3722,2017,5/10/17,
non_plot,AVFA,7,stem,2.8458,2017,5/10/17,
non_plot,AVFA,8,leaves,0.2142,2017,5/10/17,
non_plot,AVFA,8,stem,2.4542,2017,5/10/17,
non_plot,BOIN3,1,,0.1232,2017,4/22/17,
non_plot,BOIN3,1,leaves,0.0074,2017,4/22/17,
non_plot,BOIN3,2,,0.1546,2017,4/22/17,
non_plot,BOIN3,2,leaves,0.0415,2017,4/22/17,
non_plot,BOIN3,5,,0.2407,2017,4/22/17,
non_plot,BOIN3,5,leaves,0.0717,2017,4/22/17,
non_plot,BOIN3,7,leaves,0.0879,2017,4/22/17,
non_plot,BOIN3,7,,0.2827,2017,4/22/17,
non_plot,BOIN3,8,leaves,0.0813,2017,4/22/17,
non_plot,BOIN3,8,,0.2296,2017,4/22/17,
non_plot,BRDI3,1,,2.5632,2017,4/21/17,
non_plot,BRDI3,2,,1.666,2017,4/21/17,
non_plot,BRDI3,3,,4.3178,2017,4/21/17,
non_plot,BRDI3,4,,1.1965,2017,4/21/17,
non_plot,BRDI3,5,,3.8168,2017,4/21/17,
non_plot,BRDI3,6,,1.6585,2017,4/21/17,
non_plot,BRDI3,7,,4.6563,2017,4/21/17,
non_plot,BRDI3,8,,3.2531,2017,4/21/17,
non_plot,BRHO2,1,,0.3226,2017,4/6/17,
non_plot,BRHO2,2,,0.282,2017,4/6/17,
non_plot,BRHO2,3,,0.2818,2017,4/6/17,
non_plot,BRHO2,4,,0.9397,2017,4/6/17,
non_plot,BRHO2,5,,0.603,2017,4/6/17,
non_plot,BRHO2,6,,1.9398,2017,4/6/17,
non_plot,BRHO2,7,,0.8715,2017,4/6/17,
non_plot,BRHO2,8,,0.5867,2017,4/6/17,
non_plot,CACO35,1,leaves,0.9302,2017,5/12/17,
non_plot,CACO35,1,stem,0.4816,2017,5/12/17,
non_plot,CACO35,2,leaves,0.6089,2017,5/12/17,
non_plot,CACO35,2,stem,0.3849,2017,5/12/17,
non_plot,CACO35,3,leaves,0.236,2017,5/12/17,
non_plot,CACO35,3,stem,0.1383,2017,5/12/17,
non_plot,CACO35,4,leaves,0.2567,2017,5/12/17,
non_plot,CACO35,4,stem,0.1457,2017,5/12/17,
non_plot,CACO35,5,leaves,0.1796,2017,5/12/17,
non_plot,CACO35,5,stem,0.0977,2017,5/12/17,
non_plot,CACO35,6,leaves,0.3517,2017,5/12/17,
non_plot,CACO35,6,stem,0.2271,2017,5/12/17,
non_plot,CACO35,7,leaves,0.1844,2017,5/12/17,
non_plot,CACO35,7,stem,0.1847,2017,5/12/17,
non_plot,CACO35,8,leaves,0.1862,2017,5/12/17,
non_plot,CACO35,8,stem,0.1449,2017,5/12/17,
non_plot,CAPY2,1,leaves,0.1773,2017,5/11/17,
non_plot,CAPY2,1,,1.3357,2017,5/11/17,
non_plot,CAPY2,2,leaves,0.4361,2017,5/11/17,
non_plot,CAPY2,2,stem,3.0929,2017,5/11/17,
non_plot,CAPY2,3,leaves,0.7938,2017,5/11/17,
non_plot,CAPY2,3,,3.7421,2017,5/11/17,
non_plot,CAPY2,4,leaves,0.2897,2017,5/11/17,
non_plot,CAPY2,4,stem,2.1307,2017,5/11/17,
non_plot,CAPY2,5,leaves,0.3573,2017,5/11/17,
non_plot,CAPY2,5,stem,1.873,2017,5/11/17,
non_plot,CAPY2,6,leaves,0.458,2017,5/11/17,
non_plot,CAPY2,6,stem,1.9521,2017,5/11/17,
non_plot,CAPY2,7,leaves,0.385,2017,5/11/17,
non_plot,CAPY2,7,stem,2.2453,2017,5/11/17,
non_plot,CAPY2,9,leaves,0.6987,2017,5/11/17,
non_plot,CAPY2,9,stem,3.5678,2017,5/11/17,
758,CEME,1,,0.2324,2017,,
758,CEME,2,,0.238,2017,,
758,CEME,3,,0.4531,2017,,
758,CEME,4,,0.5247,2017,,
758,CEME,5,,0.2526,2017,,
757,CEME,1,,1.5595,2017,,
757,CEME,2,,0.4584,2017,,
757,CEME,3,,0.8431,2017,,
757,CEME,4,,1.1992,2017,,
757,CEME,5,,0.2984,2017,,
757,CEME,6,,0.2073,2017,,
761,CEME,1,,0.2878,2017,,
761,CEME,2,,1.0499,2017,,
761,CEME,3,,0.6909,2017,,
761,CEME,4,,0.6079,2017,,
761,CEME,5,,0.6423,2017,,
760,CEME,4,,0.4127,2017,,
748,CHGL,1,,0.1716,2017,3/22/17,assuming these plants are from plot 748 because those have 8 plants other plots have fewer
748,CHGL,2,,0.517,2017,3/22/17,assuming these plants are from plot 748 because those have 8 plants other plots have fewer
748,CHGL,3,,0.4184,2017,3/22/17,assuming these plants are from plot 748 because those have 8 plants other plots have fewer
748,CHGL,4,,0.6009,2017,3/22/17,assuming these plants are from plot 748 because those have 8 plants other plots have fewer
748,CHGL,5,,0.3054,2017,3/22/17,assuming these plants are from plot 748 because those have 8 plants other plots have fewer
748,CHGL,6,,0.1328,2017,3/22/17,assuming these plants are from plot 748 because those have 8 plants other plots have fewer
748,CHGL,7,,1.7814,2017,3/22/17,assuming these plants are from plot 748 because those have 8 plants other plots have fewer
748,CHGL,8,,0.1426,2017,3/22/17,assuming these plants are from plot 748 because those have 8 plants other plots have fewer
751,CHGL,1,,0.5631,2017,,
751,CHGL,2,,0.4057,2017,,
751,CHGL,3,,0.5768,2017,,
751,CHGL,4,,0.1031,2017,,
751,CHGL,5,,0.1861,2017,,
755,CHGL,1,,0.6601,2017,,
755,CHGL,2,,0.2097,2017,,
755,CHGL,3,,0.3169,2017,,
755,CHGL,4,,0.0854,2017,,
755,CHGL,5,,0.2049,2017,,
non_plot,CHPA8,1,,0.6916,2017,5/17/17,1 of 2 using quarter of plant all leaves should be calculated as (4*all-big)+(16*all-small)
non_plot,CHPA8,1,,0.4524,2017,5/17/17,2 of 2
non_plot,CHPA8,2,,0.4213,2017,5/17/17,1 of 2 using quarter of plant all leaves should be calculated as (4*all-big)+(8*all-small)
non_plot,CHPA8,2,,0.4779,2017,5/17/17,2 of 2
non_plot,CHPA8,3,,0.2043,2017,5/17/17,using third of plant
non_plot,CHPA8,4,,0.4608,2017,5/17/17,
non_plot,CHPA8,5,,0.5343,2017,5/17/17,
non_plot,CHPA8,6,,0.7178,2017,5/17/17,
non_plot,CHPA8,7,,0.1902,2017,5/17/17,
non_plot,CHPA8,8,,0.4408,2017,5/17/17,
non_plot,CHPO3,1,leaves,0.3811,2017,5/12/17,
non_plot,CHPO3,2,leaves,0.3986,2017,5/12/17,
non_plot,CHPO3,3,,0.2235,2017,5/12/17,
non_plot,CHPO3,4,leaves,0.3095,2017,5/12/17,
non_plot,CHPO3,4,,0.5002,2017,5/12/17,
non_plot,CHPO3,5,leaves,0.0835,2017,5/12/17,
non_plot,CHPO3,5,stem,0.5842,2017,5/12/17,
non_plot,CHPO3,6,leaves,0.8837,2017,5/12/17,
non_plot,CHPO3,6,stem,0.3833,2017,5/12/17,
non_plot,CHPO3,7,leaves,0.3804,2017,5/12/17,
non_plot,CHPO3,7,stem,0.3643,2017,5/12/17,
non_plot,CHPO3,8,leaves,0.8418,2017,5/12/17,
non_plot,CHPO3,8,stem,2.4018,2017,5/12/17,
758,CLBD,5,,0.292,2017,,
non_plot,CLPE,1,,0.2217,2017,3/24/17,
non_plot,CLPE,2,,0.2321,2017,3/24/17,
non_plot,CLPE,3,,0.1938,2017,3/24/17,1 of 2
non_plot,CLPE,3,,0.2168,2017,3/24/17,2 of 2
non_plot,CLPE,4,,0.0606,2017,3/24/17,
non_plot,CLPE,5,,0.1306,2017,3/24/17,
non_plot,CLPE,6,,0.2523,2017,3/24/17,
non_plot,CLPE,7,,0.1142,2017,3/24/17,1 of 2
non_plot,CLPE,7,,0.1575,2017,3/24/17,2 of 2
non_plot,CLPE,8,,0.144,2017,3/24/17,
760,CLPU,1,,1.1345,2017,,
760,CLPU,2,,0.4651,2017,,
760,CLPU,3,,0.8828,2017,,
760,CLPU,4,,0.6289,2017,,
760,CLPU,5,,0.2611,2017,,
762,CLPU,1,,2.6851,2017,,
762,CLPU,2,,0.9864,2017,,
762,CLPU,3,,2.3544,2017,,
762,CLPU,4,,0.9664,2017,,
762,CLPU,5,,2.8645,2017,,
UCLA,CRCO34,1,leaves,0.0039,2019,12/5/19,
UCLA,CRCO34,1,stem,0.0013,2019,12/5/19,
UCLA,CRCO34,2,leaves,0.0039,2019,12/5/19,
UCLA,CRCO34,2,stem,0.0019,2019,12/5/19,
UCLA,CRCO34,3,leaves,0.0039,2019,12/5/19,
UCLA,CRCO34,3,stem,0.0014,2019,12/5/19,
UCLA,CRCO34,4,leaves,0.0039,2019,12/5/19,
UCLA,CRCO34,4,stem,0.0013,2019,12/5/19,
UCLA,CRCO34,5,leaves,0.0028,2019,12/5/19,
UCLA,CRCO34,5,stem,0.0012,2019,12/5/19,
UCLA,CRCO34,6,leaves,0.0025,2019,12/5/19,
UCLA,CRCO34,6,stem,0.0011,2019,12/5/19,
UCLA,CRCO34,7,leaves,0.0062,2019,12/5/19,
UCLA,CRCO34,7,stem,0.003,2019,12/5/19,
UCLA,CRCO34,8,leaves,0.0055,2019,12/5/19,
UCLA,CRCO34,8,stem,0.0024,2019,12/5/19,
non_plot,CRSE11,1,leaves,0.1819,2017,5/12/17,
non_plot,CRSE11,1,stem,0.0557,2017,5/12/17,
non_plot,CRSE11,2,leaves,0.1133,2017,5/12/17,
non_plot,CRSE11,2,stem,0.0478,2017,5/12/17,
non_plot,CRSE11,3,leaves,0.4543,2017,5/12/17,
non_plot,CRSE11,3,stem,0.2249,2017,5/12/17,
non_plot,CRSE11,4,leaves,0.4565,2017,5/12/17,
non_plot,CRSE11,4,stem,0.167,2017,5/12/17,
non_plot,CRSE11,5,leaves,0.0512,2017,5/12/17,
non_plot,CRSE11,5,stem,0.0142,2017,5/12/17,
non_plot,CRSE11,6,leaves,0.179,2017,5/12/17,
non_plot,CRSE11,6,stem,0.0583,2017,5/12/17,
non_plot,CRSE11,7,leaves,0.0581,2017,5/12/17,
non_plot,CRSE11,7,stem,0.0289,2017,5/12/17,
non_plot,CRSE11,8,leaves,0.0824,2017,5/12/17,
non_plot,CRSE11,8,stem,0.0263,2017,5/12/17,
non_plot,DICA14,1,,0.7027,2017,4/21/17,no leaves
non_plot,DICA14,2,,0.3676,2017,4/21/17,no leaves
non_plot,DICA14,3,,0.6958,2017,4/21/17,
non_plot,DOCL,1,leaves,0.04779,2017,3/3/17,
non_plot,DOCL,1,stem,0.33636,2017,3/3/17,
non_plot,DOCL,2,stem,0.25684,2017,3/3/17,
non_plot,DOCL,3,leaves,0.13147,2017,3/3/17,
non_plot,DOCL,3,stem,0.98201,2017,3/3/17,
non_plot,DOCL,4,leaves,0.02433,2017,3/3/17,
non_plot,DOCL,4,stem,0.17774,2017,3/3/17,
non_plot,DOCL,5,stem,0.42156,2017,3/3/17,
non_plot,DOCL,6,leaves,0.01726,2017,3/3/17,
non_plot,DOCL,6,stem,0.13286,2017,3/3/17,
non_plot,DOCL,7,stem,0.33106,2017,3/3/17,
non_plot,DOCL,7,leaves,0.02894,2017,3/3/17,
non_plot,DOCL,8,leaves,0.12527,2017,3/3/17,
non_plot,DOCL,8,stem,0.1748,2017,3/3/17,
non_plot,ERGR5,1,leaves,0.0351,2019,6/29/19,
non_plot,ERGR5,1,stem,0.1876,2019,6/29/19,
non_plot,ERGR5,1,petiole,0.009,2019,6/29/19,
non_plot,ERGR5,2,leaves,0.0189,2019,6/29/19,
non_plot,ERGR5,2,stem,0.1741,2019,6/29/19,
non_plot,ERGR5,2,petiole,0.0047,2019,6/29/19,
non_plot,ERGR5,3,leaves,0.0481,2019,6/29/19,
non_plot,ERGR5,3,stem,0.2173,2019,6/29/19,
non_plot,ERGR5,3,petiole,0.0092,2019,6/29/19,
non_plot,ERGR5,4,leaves,0.0516,2019,6/29/19,
non_plot,ERGR5,4,stem,0.4486,2019,6/29/19,
non_plot,ERGR5,4,petiole,0.0132,2019,6/29/19,
non_plot,ERGR5,5,leaves,0.0285,2019,6/29/19,
non_plot,ERGR5,5,stem,0.2877,2019,6/29/19,
non_plot,ERGR5,5,petiole,0.0072,2019,6/29/19,
non_plot,ERGR5,6,leaves,0.0159,2019,6/29/19,
non_plot,ERGR5,6,stem,0.3637,2019,6/29/19,
non_plot,ERGR5,6,petiole,0.0065,2019,6/29/19,
non_plot,ERMO7,1,,0.6455,2017,4/6/17,
non_plot,ERMO7,2,,0.8524,2017,4/6/17,
non_plot,ERMO7,3,,0.0891,2017,4/6/17,
non_plot,ERMO7,4,,0.3342,2017,4/6/17,
non_plot,ERMO7,5,,0.2075,2017,4/6/17,
non_plot,ERMO7,6,,0.3427,2017,4/6/17,
non_plot,ERMO7,7,,0.2961,2017,4/6/17,
non_plot,ERMO7,8,,0.2048,2017,4/6/17,
763,EUPE,1,,0.0168,2017,,
763,EUPE,2,,0.0969,2017,,
763,EUPE,3,,0.0457,2017,,
758,EUPE,1,,0.0366,2017,,
non_plot,FEMY2,1,,0.1032,2017,4/4/17,
non_plot,FEMY2,2,,0.1688,2017,4/4/17,
non_plot,FEMY2,3,,0.0941,2017,4/4/17,
non_plot,FEMY2,4,,0.4552,2017,4/6/17,
non_plot,FEMY2,5,,0.1573,2017,4/6/17,
non_plot,FEMY2,6,,0.4861,2017,4/6/17,
non_plot,FEMY2,7,,0.5768,2017,4/6/17,
non_plot,FEMY2,8,,0.4688,2017,4/6/17,
non_plot,GAAP2,1,leaves,0.0987,2017,4/22/17,
non_plot,GAAP2,1,,0.2907,2017,4/22/17,
non_plot,GAAP2,2,leaves,0.1286,2017,4/22/17,
non_plot,GAAP2,2,,0.4449,2017,4/22/17,
non_plot,GAAP2,3,leaves,0.0841,2017,4/22/17,
non_plot,GAAP2,3,,0.2392,2017,4/22/17,
non_plot,GAAP2,4,leaves,0.063,2017,4/22/17,
non_plot,GAAP2,4,,0.3107,2017,4/22/17,
non_plot,GAAP2,5,leaves,0.0306,2017,4/22/17,
non_plot,GAAP2,5,,0.059,2017,4/22/17,
non_plot,GAAP2,6,leaves,0.0281,2017,4/22/17,
non_plot,GAAP2,6,,0.0779,2017,4/22/17,
non_plot,GAAP2,8,leaves,0.0203,2017,4/22/17,
non_plot,GAAP2,8,,0.0575,2017,4/22/17,
non_plot,GEDI,1,leaves,0.044,2019,4/23/19,
non_plot,GEDI,1,petiole,0.0127,2019,4/23/19,
non_plot,GEDI,1,stem,0.3136,2019,4/23/19,
non_plot,GEDI,2,leaves,0.0466,2019,4/23/19,
non_plot,GEDI,2,petiole,0.0138,2019,4/23/19,
non_plot,GEDI,2,stem,0.112,2019,4/23/19,
non_plot,GEDI,3,leaves,0.1033,2019,4/23/19,
non_plot,GEDI,3,stem,0.2941,2019,4/23/19,
non_plot,GEDI,4,leaves,0.1195,2019,4/23/19,
non_plot,GEDI,4,stem,0.3343,2019,4/23/19,
non_plot,GEDI,5,leaves,0.143,2019,4/23/19,
non_plot,GEDI,5,stem,0.4783,2019,4/23/19,
UCLA,GIACM2,1,leaves,0.0538,2019,12/3/19,
UCLA,GIACM2,1,stem,0.0086,2019,12/3/19,
UCLA,GIACM2,2,leaves,0.0676,2019,12/3/19,
UCLA,GIACM2,2,stem,0.0087,2019,12/3/19,
UCLA,GIACM2,3,leaves,0.0523,2019,12/3/19,
UCLA,GIACM2,3,stem,0.0064,2019,12/3/19,
UCLA,GIACM2,4,leaves,0.0688,2019,12/3/19,
UCLA,GIACM2,4,stem,0.0119,2019,12/3/19,
UCLA,GIACM2,5,leaves,0.0664,2019,12/3/19,
UCLA,GIACM2,5,stem,0.0123,2019,12/3/19,
UCLA,GIACM2,6,leaves,0.0434,2019,12/3/19,
UCLA,GIACM2,6,stem,0.011,2019,12/3/19,
UCLA,GIACM2,7,leaves,0.0569,2019,12/3/19,
UCLA,GIACM2,7,stem,0.0114,2019,12/3/19,
UCLA,GIACM2,8,leaves,0.0452,2019,12/3/19,
UCLA,GIACM2,8,stem,0.0112,2019,12/3/19,
non_plot,GIOC,1,,0.2057,2017,3/22/17,
non_plot,GIOC,2,,0.5592,2017,3/22/17,
non_plot,GIOC,3,,0.4307,2017,3/22/17,
non_plot,GIOC,4,,0.5951,2017,3/22/17,
non_plot,GIOC,5,,0.4733,2017,3/22/17,
non_plot,GIOC,6,,0.4572,2017,3/22/17,
non_plot,GIOC,7,,0.5732,2017,3/22/17,
758,HECO,1,,0.362,2017,,
758,HECO,2,,0.1913,2017,,
758,HECO,3,,0.3141,2017,,
758,HECO,4,,0.1452,2017,,
756,HECO,1,,0.0789,2017,,
756,HECO,2,,0.2683,2017,,
756,HECO,3,,0.1006,2017,,
761,HECO,1.1,,2.9399,2017,,
761,HECO,1.2,,1.4746,2017,,
761,HECO,2,,1.594,2017,,
761,HECO,3,,1.7654,2017,,
761,HECO,4,,1.2463,2017,,
761,HECO,5,,1.1667,2017,,
752,HOMU,1,,0.2611,2017,,
752,HOMU,2,,0.1004,2017,,
751,HOMU,1,,0.1259,2017,,
751,HOMU,2,,0.0637,2017,,
751,HOMU,3,,0.2173,2017,,
751,HOMU,4,,0.5068,2017,,
751,HOMU,5,,0.1394,2017,,
755,HOMU,1,,0.2711,2017,,
755,HOMU,2,,0.1373,2017,,
755,HOMU,3,,0.1982,2017,,
755,HOMU,4,,0.1884,2017,,
755,HOMU,5,,0.3091,2017,,
750,HOMU,1,,0.1467,2017,,
750,HOMU,2,,0.0526,2017,,
757,HOMU,1,,1.2752,2017,,
757,HOMU,2,,1.6364,2017,,
757,HOMU,3,,0.5405,2017,,
757,HOMU,4.1,,0.3883,2017,,
757,HOMU,4.2,,2.9163,2017,,
757,HOMU,5,,1.3024,2017,,
751,LACA,1,,0.1745,2017,,
751,LACA,2,,0.1184,2017,,
751,LACA,3,,0.0837,2017,,
751,LACA,4,,0.0518,2017,,
751,LACA,5,,0.1052,2017,,
749,LACA,1,,0.0757,2017,,
749,LACA,2,,0.1255,2017,,
749,LACA,3,,0.1982,2017,,
749,LACA,4,,0.2309,2017,,
749,LACA,5,,0.0441,2017,,
744,LACA,1,,0.1845,2017,,
744,LACA,2,,0.2208,2017,,
744,LACA,3,,0.2313,2017,,
744,LACA,4,,0.1742,2017,,
744,LACA,5,,0.1841,2017,,
743,LACA,1,,0.1559,2017,,
743,LACA,2,,0.0637,2017,,
743,LACA,3,,0.0795,2017,,
743,LACA,4,,0.0315,2017,,
743,LACA,5,,0.0329,2017,,
non_plot,LARA,1,leaves,0.1802,2017,5/12/17,
non_plot,LARA,1,stem,0.2896,2017,5/12/17,
non_plot,LARA,2,leaves,0.1499,2017,5/12/17,
non_plot,LARA,2,stem,0.2936,2017,5/12/17,
non_plot,LARA,3,leaves,0.1047,2017,5/12/17,
non_plot,LARA,3,stem,0.2286,2017,5/12/17,
non_plot,LARA,4,leaves,0.0244,2017,5/12/17,
non_plot,LARA,4,stem,0.1145,2017,5/12/17,
non_plot,LARA,5,leaves,0.1563,2017,5/12/17,
non_plot,LARA,5,stem,0.242,2017,5/12/17,
non_plot,LARA,6,leaves,0.3336,2017,5/12/17,
non_plot,LARA,6,stem,0.6213,2017,5/12/17,
non_plot,LARA,7,leaves,0.2172,2017,5/12/17,
non_plot,LARA,7,stem,0.3872,2017,5/12/17,
non_plot,LARA,8,leaves,0.0321,2017,5/12/17,
non_plot,LARA,8,stem,0.0649,2017,5/12/17,
non_plot,LASE,2,leaves,0.1449,2017,5/10/17,
non_plot,LASE,2,stem,0.2283,2017,5/10/17,
non_plot,LASE,3,leaves,0.3511,2017,5/10/17,
non_plot,LASE,3,stem,0.3861,2017,5/10/17,
non_plot,LASE,4,leaves,0.4418,2017,5/10/17,
non_plot,LASE,4,stem,0.3557,2017,5/10/17,
non_plot,LASE,5,leaves,0.0866,2017,5/10/17,
non_plot,LASE,5,stem,0.1287,2017,5/10/17,
non_plot,LASE,6,leaves,0.1289,2017,5/10/17,
non_plot,LASE,6,stem,0.1793,2017,5/10/17,
non_plot,LASE,7,leaves,0.0442,2017,5/10/17,
non_plot,LASE,7,stem,0.0587,2017,5/10/17,
non_plot,LASE,8,leaves,0.0718,2017,5/10/17,
non_plot,LASE,8,stem,0.119,2017,5/10/17,
non_plot,LEBI4,1,,0.5714,2017,3/22/17,
non_plot,LEBI4,2,,0.4617,2017,3/22/17,
non_plot,LEBI4,3,,0.3401,2017,3/22/17,
non_plot,LEBI4,4,,0.2395,2017,3/22/17,
non_plot,LEBI4,5,,0.7928,2017,3/22/17,
non_plot,LEBI4,6,,1.3138,2017,3/22/17,
non_plot,LEBI4,7,,0.4338,2017,3/22/17,
non_plot,LEBI4,8,,1.0189,2017,3/22/17,
non_plot,LEPA51,1,,0.02356,2017,4/4/17,
non_plot,LEPA51,2,,0.05298,2017,4/4/17,
non_plot,LEPA51,3,,0.02794,2017,4/4/17,
non_plot,LEPA51,4,,0.03616,2017,4/4/17,
non_plot,LEPA51,5,,0.02542,2017,4/4/17,
non_plot,LEPA51,6,,0.0678,2017,4/4/17,
non_plot,LEPA51,7,,0.06831,2017,4/4/17,
non_plot,LEPA51,8,,0.01643,2017,4/4/17,
UCLA,LOGA2,1,leaves,0.0034,2019,12/9/19,
UCLA,LOGA2,1,stem,0.002,2019,12/9/19,
UCLA,LOGA2,2,leaves,0.0095,2019,12/9/19,
UCLA,LOGA2,2,stem,0.0027,2019,12/9/19,
UCLA,LOGA2,3,leaves,0.0093,2019,12/9/19,
UCLA,LOGA2,3,stem,0.0034,2019,12/9/19,
UCLA,LOGA2,4,leaves,0.0089,2019,12/9/19,
UCLA,LOGA2,4,stem,0.0024,2019,12/9/19,
UCLA,LOGA2,5,leaves,0.0118,2019,12/9/19,
UCLA,LOGA2,5,stem,0.0052,2019,12/9/19,
UCLA,LOGA2,6,leaves,0.0061,2019,12/9/19,
UCLA,LOGA2,6,stem,0.0035,2019,12/9/19,
UCLA,LOGA2,7,leaves,0.0208,2019,12/9/19,
UCLA,LOGA2,7,stem,0.0088,2019,12/9/19,
UCLA,LOGA2,8,leaves,0.0097,2019,12/9/19,
UCLA,LOGA2,8,stem,0.0032,2019,12/9/19,
non_plot,LOPE,1,leaves,0.3752,2017,5/10/17,
non_plot,LOPE,1,stem,2.707,2017,5/10/17,
non_plot,LOPE,2,leaves,0.3156,2017,5/10/17,
non_plot,LOPE,2,stem,1.6558,2017,5/10/17,
non_plot,LOPE,3,leaves,0.1757,2017,5/10/17,
non_plot,LOPE,3,stem,0.8598,2017,5/10/17,
non_plot,LOPE,4,leaves,0.1624,2017,5/10/17,
non_plot,LOPE,4,stem,0.85,2017,5/10/17,
non_plot,LOPE,5,leaves,0.1217,2017,5/10/17,
non_plot,LOPE,5,stem,4.6834,2017,5/10/17,
non_plot,LOPE,6,leaves,0.01286,2017,5/10/17,
non_plot,LOPE,6,stem,0.8973,2017,5/10/17,
non_plot,LOPE,7,leaves,0.3721,2017,5/10/17,
non_plot,LOPE,7,stem,2.5825,2017,5/10/17,
non_plot,LOPE,8,leaves,0.0533,2017,5/10/17,
non_plot,LOPE,8,stem,0.4909,2017,5/10/17,
762,LOPU,2,,0.4401,2017,,
762,LOPU,3,,0.9559,2017,,
762,LOPU,4,,0.6438,2017,,
762,LOPU,5,,1.0035,2017,,
non_plot,LOST4,1,,0.37804,2017,4/21/17,
non_plot,LOST4,2,,0.45951,2017,4/21/17,
non_plot,LOST4,3,,0.35927,2017,4/21/17,
non_plot,LOST4,4,,0.1974,2017,4/21/17,
non_plot,LOST4,5,leaves,0.0066,2017,4/21/17,
non_plot,LOST4,5,,0.1558,2017,4/21/17,
non_plot,LOST4,6,leaves,0.0046,2017,4/21/17,
non_plot,LOST4,6,,0.3529,2017,4/21/17,
non_plot,LOST4,7,leaves,0.01,2017,4/21/17,
non_plot,LOST4,7,,0.121,2017,4/21/17,
non_plot,LOST4,8,leaves,0.0046,2017,4/21/17,
non_plot,LOST4,8,,0.3282,2017,4/21/17,
751,LOWR,1,,0.6887,2017,,
751,LOWR,2,,0.2874,2017,,
751,LOWR,3,,0.0704,2017,,
751,LOWR,4,,0.298,2017,,
751,LOWR,5,,0.1124,2017,,
750,LOWR,1,,0.1489,2017,,
750,LOWR,2,,0.2732,2017,,
748,LOWR,1,,0.0877,2017,,
748,LOWR,2,,0.133,2017,,
748,LOWR,3,,0.0609,2017,,
748,LOWR,4,,0.3825,2017,,
748,LOWR,5,,0.0097,2017,,
763,LOWR,1,,0.145,2017,,
non_plot,LUBI,1,,0.1954,2017,4/6/17,
non_plot,LUBI,2,,0.4084,2017,4/6/17,
non_plot,LUBI,3,,0.1711,2017,4/6/17,
non_plot,LUBI,4,,0.1845,2017,4/6/17,
non_plot,LUBI,5,,0.0639,2017,4/6/17,
non_plot,LUBI,6,,0.393,2017,4/6/17,
non_plot,LUBI,7,,0.1777,2017,4/6/17,
non_plot,LUBI,8,,0.1273,2017,4/6/17,
non_plot,LUBI,9,leaves,0.6596,2017,4/21/17,
non_plot,LUBI,9,petiole,0.251,2017,4/21/17,
non_plot,LUBI,9,stem,2.2094,2017,4/21/17,
non_plot,LUBI,10,leaves,0.1504,2017,4/21/17,
non_plot,LUBI,10,petiole,0.0571,2017,4/21/17,
non_plot,LUBI,10,stem,0.5901,2017,4/21/17,
non_plot,LUBI,11,leaves,0.228,2017,4/21/17,
non_plot,LUBI,11,petiole,0.0647,2017,4/21/17,
non_plot,LUBI,11,stem,0.4668,2017,4/21/17,
non_plot,LUBI,12,leaves,0.1183,2017,4/21/17,
non_plot,LUBI,12,petiole,0.0304,2017,4/21/17,
non_plot,LUBI,12,stem,0.3816,2017,4/21/17,
non_plot,LUBI,13,leaves,0.1862,2017,4/21/17,
non_plot,LUBI,13,petiole,0.0822,2017,4/21/17,
non_plot,LUBI,13,stem,0.6222,2017,4/21/17,
non_plot,LUBI,14,leaves,0.1119,2017,4/21/17,
non_plot,LUBI,14,petiole,0.0516,2017,4/21/17,
non_plot,LUBI,14,stem,0.3394,2017,4/21/17,
non_plot,MIDO,1,,0.1653,2017,4/10/17,
non_plot,MIDO,2,,0.1641,2017,4/10/17,
non_plot,MIDO,3,,0.0451,2017,4/10/17,
non_plot,MIDO,3,stem,0.111,2017,4/10/17,
non_plot,MIDO,4,stem,0.0722,2017,4/10/17,
non_plot,MIDO,4,,0.022,2017,4/10/17,
non_plot,MIDO,5,stem,0.4234,2017,4/10/17,
non_plot,MIDO,5,,0.0452,2017,4/10/17,
non_plot,MIDO,6,stem,0.2058,2017,4/10/17,
non_plot,MIDO,6,,0.043,2017,4/10/17,
non_plot,MIDO,7,stem,0.1401,2017,4/10/17,
non_plot,MIDO,7,leaves,0.0399,2017,4/10/17,
non_plot,MIDO,8,stem,0.0798,2017,4/10/17,
non_plot,MIDO,8,leaves,0.0236,2017,4/10/17,
UCLA,MIDO,1,leaves,0.0736,2019,12/6/19,
UCLA,MIDO,1,stem,0.0218,2019,12/6/19,
UCLA,MIDO,1,dead leaves,0.0147,2019,12/6/19,
UCLA,MIDO,2,dead leaves,0.0059,2019,12/6/19,
UCLA,MIDO,2,leaves,0.0942,2019,12/6/19,
UCLA,MIDO,2,stem,0.0072,2019,12/6/19,
UCLA,MIDO,3,leaves,0.1124,2019,12/6/19,
UCLA,MIDO,3,stem,0.0127,2019,12/6/19,
UCLA,MIDO,4,dead leaves,0.003,2019,12/6/19,
UCLA,MIDO,4,leaves,0.1046,2019,12/6/19,
UCLA,MIDO,4,stem,0.0095,2019,12/6/19,
UCLA,MIDO,5,dead leaves,0.007,2019,12/6/19,
UCLA,MIDO,5,leaves,0.0814,2019,12/6/19,
UCLA,MIDO,5,stem,0.0061,2019,12/6/19,
UCLA,MIDO,6,dead leaves,0.0022,2019,12/6/19,
UCLA,MIDO,6,leaves,0.1243,2019,12/6/19,
UCLA,MIDO,6,stem,0.0074,2019,12/6/19,
UCLA,MIDO,7,leaves,0.0983,2019,12/6/19,
UCLA,MIDO,7,stem,0.0109,2019,12/6/19,
UCLA,MIDO,8,leaves,0.0029,2019,12/6/19,
UCLA,MIDO,8,stem,0.0726,2019,12/6/19,
UCLA,MIDO,8,dead leaves,0.0057,2019,12/6/19,
UCLA,MIEL,1,leaves,0.0596,2019,12/4/19,
UCLA,MIEL,1,stem,0.0116,2019,12/4/19,
UCLA,MIEL,2,leaves,0.0955,2019,12/4/19,
UCLA,MIEL,2,stem,0.006,2019,12/4/19,
UCLA,MIEL,3,leaves,0.0883,2019,12/4/19,
UCLA,MIEL,3,stem,0.0169,2019,12/4/19,
UCLA,MIEL,4,leaves,0.1488,2019,12/4/19,
UCLA,MIEL,4,stem,0.0163,2019,12/4/19,
UCLA,MIEL,5,leaves,0.0438,2019,12/4/19,
UCLA,MIEL,5,stem,0.0021,2019,12/4/19,
UCLA,MIEL,6,leaves,0.016,2019,12/4/19,
UCLA,MIEL,6,stem,0.0041,2019,12/4/19,
UCLA,MIEL,7,leaves,0.0577,2019,12/4/19,
UCLA,MIEL,7,stem,0.006,2019,12/4/19,
758,NAAT,1,,0.471,2017,,
758,NAAT,2,,0.3959,2017,,
758,NAAT,3,,0.5283,2017,,
758,NAAT,5,,0.1058,2017,,
751,PLER,1,,0.1752,2017,,
751,PLER,2,,0.1637,2017,,
751,PLER,3,,0.1155,2017,,
751,PLER,4,,0.2115,2017,,
751,PLER,5,,0.3189,2017,,
751,SACO,1,,0.1375,2017,,
751,SACO,2,,0.1013,2017,,
751,SACO,3,,0.1799,2017,,
751,SACO,4,,0.0447,2017,,
751,SACO,5,,0.047,2017,,
749,SACO,1,,0.1926,2017,,
749,SACO,2.1,,0.3315,2017,,
749,SACO,2.2,,0.6382,2017,,
749,SACO,3,,0.3698,2017,,
749,SACO,4.1,,0.3621,2017,,
749,SACO,5.1,,0.2109,2017,,
749,SACO,5.2,,0.3312,2017,,
749,SACO,5.3,,0.2132,2017,,
non_plot,SIGA,1,leaves,0.0259,2017,5/12/17,
non_plot,SIGA,1,stem,0.2849,2017,5/12/17,
non_plot,SIGA,2,leaves,0.1455,2017,5/12/17,
non_plot,SIGA,2,stem,0.673,2017,5/12/17,
non_plot,SIGA,3,leaves,0.1795,2017,5/12/17,
non_plot,SIGA,3,stem,1.3684,2017,5/12/17,
non_plot,SIGA,4,leaves,0.2399,2017,5/12/17,
non_plot,SIGA,4,stem,1.4078,2017,5/12/17,
non_plot,SIGA,5,leaves,0.0933,2017,5/12/17,
non_plot,SIGA,5,stem,0.5953,2017,5/12/17,
non_plot,SIGA,6,leaves,0.1252,2017,5/12/17,
non_plot,SIGA,6,stem,1.1149,2017,5/12/17,
non_plot,SIGA,7,leaves,0.2146,2017,5/12/17,
non_plot,SIGA,7,stem,1.7024,2017,5/12/17,
non_plot,SIGA,8,leaves,0.0262,2017,5/12/17,
non_plot,SIGA,8,stem,0.1033,2017,5/12/17,
UCLA,STME2,1,leaves,0.0316,2019,12/2/19,
UCLA,STME2,1,stem,0.27,2019,12/2/19,
UCLA,STME2,2,leaves,0.0573,2019,12/2/19,
UCLA,STME2,2,stem,0.0354,2019,12/2/19,
UCLA,STME2,3,leaves,0.0489,2019,12/2/19,
UCLA,STME2,3,stem,0.0344,2019,12/2/19,
UCLA,STME2,4,leaves,0.04,2019,12/2/19,
UCLA,STME2,4,stem,0.0274,2019,12/2/19,
UCLA,STME2,5,leaves,0.0514,2019,12/2/19,
UCLA,STME2,5,stem,0.0297,2019,12/2/19,
UCLA,STME2,6,leaves,0.0413,2019,12/2/19,
UCLA,STME2,6,stem,0.0238,2019,12/2/19,
UCLA,STME2,7,leaves,0.00229,2019,12/2/19,
UCLA,STME2,7,stem,0.0161,2019,12/2/19,
UCLA,STME2,8,leaves,0.0451,2019,12/2/19,
UCLA,STME2,8,stem,0.0344,2019,12/2/19,
non_plot,STPU2,1,leaves,1.0088,2017,5/11/17,
non_plot,STPU2,1,stem,1.8929,2017,5/11/17,2 of 2
non_plot,STPU2,1,stem,2.9893,2017,5/11/17,1 of 2
non_plot,STPU2,2,leaves,0.2767,2017,5/11/17,
non_plot,STPU2,2,stem,3.3675,2017,5/11/17,
non_plot,STPU2,3,leaves,0.7428,2017,5/11/17,
non_plot,STPU2,3,stem,3.4715,2017,5/11/17,1 of 3
non_plot,STPU2,3,stem,1.3343,2017,5/11/17,2 of 3
non_plot,STPU2,3,stem,3.123,2017,5/11/17,3 of 3
non_plot,STPU2,4,leaves,0.3051,2017,5/11/17,
non_plot,STPU2,4,stem ,3.1764,2017,5/11/17,
non_plot,STPU2,5,leaves,0.335,2017,5/11/17,
non_plot,STPU2,5,stem,3.0105,2017,5/11/17,
non_plot,STPU2,6,leaves,0.882,2017,5/11/17,
non_plot,STPU2,6,stem ,2.9135,2017,5/11/17,
non_plot,STPU2,7,leaves,0.4409,2017,5/11/17,
non_plot,STPU2,7,stem ,2.4149,2017,5/11/17,
non_plot,STPU2,8,leaves,0.7751,2017,5/11/17,
non_plot,STPU2,8,stem ,6.172,2017,5/11/17,
non_plot,THCU,9,,0.04921,2017,3/3/17,
non_plot,THCU,10,,0.08115,2017,3/3/17,
non_plot,THCU,11,,0.06232,2017,3/3/17,
non_plot,THCU,12,,0.12833,2017,3/3/17,
non_plot,THCU,13,,0.12082,2017,3/3/17,
non_plot,THCU,14,,0.07275,2017,3/3/17,
non_plot,THCU,15,,0.04011,2017,3/3/17,
non_plot,THCU,16,,0.08655,2017,3/3/17,
non_plot,THLA3,17,,0.17513,2017,3/3/17,
non_plot,THLA3,18,,0.31182,2017,3/3/17,
non_plot,THLA3,19,leaves,0.19713,2017,3/3/17,
non_plot,THLA3,19,stem,0.59987,2017,3/3/17,
non_plot,THLA3,20,,0.27998,2017,3/3/17,
non_plot,THLA3,21,leaves,0.03679,2017,3/3/17,
non_plot,THLA3,21,stem,0.13951,2017,3/3/17,
non_plot,THLA3,22,leaves,0.24925,2017,3/3/17,
non_plot,THLA3,22,stem,0.64816,2017,3/3/17,
non_plot,THLA3,23,leaves,0.05679,2017,3/3/17,
non_plot,THLA3,23,stem,0.3101,2017,3/3/17,
non_plot,THLA3,24,leaves,0.01014,2017,3/3/17,
non_plot,THLA3,24,stem,0.08621,2017,3/3/17,
non_plot,TOAR,1,leaves,0.08517,2017,4/22/17,
non_plot,TOAR,1,,0.42951,2017,4/22/17,
non_plot,TOAR,2,leaves,0.0853,2017,4/22/17,
non_plot,TOAR,2,,0.4798,2017,4/22/17,
non_plot,TOAR,3,leaves,0.4031,2017,4/22/17,
non_plot,TOAR,3,,1.0092,2017,4/22/17,
non_plot,TOAR,4,,0.5329,2017,4/22/17,
non_plot,TOAR,4,leaves,0.117,2017,4/22/17,
non_plot,TOAR,5,leaves,0.2083,2017,4/22/17,
non_plot,TOAR,5,,0.5956,2017,4/22/17,
non_plot,TOAR,6,leaves,0.0948,2017,4/22/17,
non_plot,TOAR,6,,0.4564,2017,4/22/17,
non_plot,TOAR,7,,1.2179,2017,4/22/17,
non_plot,TOAR,7,leaves,0.3259,2017,4/22/17,
non_plot,TOAR,8,leaves,0.1962,2017,4/22/17,
non_plot,TOAR,8,,0.6536,2017,4/22/17,
non_plot,TRAL5,1,,1.1897,2017,4/21/17,
non_plot,TRAL5,2,,0.2238,2017,4/21/17,
non_plot,TRAL5,3,,0.086,2017,4/21/17,
non_plot,TRAL5,4,,0.7231,2017,4/21/17,
non_plot,TRAL5,5,,0.1996,2017,4/21/17,
non_plot,TRAL5,6,,0.1483,2017,4/21/17,
non_plot,TRAL5,7,,0.1641,2017,4/21/17,
non_plot,TRAL5,8,,0.4647,2017,4/21/17,
non_plot,TRLA4,1,leaves,0.6294,2019,6/29/19,
non_plot,TRLA4,1,stem,0.2922,2019,6/29/19,
non_plot,TRLA4,2,leaves,0.2765,2019,6/29/19,
non_plot,TRLA4,2,stem,0.0889,2019,6/29/19,
non_plot,TRLA4,3,leaves,0.2463,2019,6/29/19,
non_plot,TRLA4,3,stem,0.1282,2019,6/29/19,
non_plot,TRLA4,4,leaves,0.1864,2019,6/29/19,
non_plot,TRLA4,4,stem,0.072,2019,6/29/19,
non_plot,TRLA4,5,leaves,0.2122,2019,6/29/19,
non_plot,TRLA4,5,stem,0.1158,2019,6/29/19,
non_plot,TRLA4,6,leaves,1.2063,2019,6/29/19,
non_plot,TRLA4,6,stem,0.864,2019,6/29/19,
non_plot,TRLA4,7,leaves,0.2466,2019,6/29/19,
non_plot,TRLA4,7,stem,0.1023,2019,6/29/19,
non_plot,TRLA4,8,leaves,0.1083,2019,6/29/19,
non_plot,TRLA4,8,stem,0.0726,2019,6/29/19,
non_plot,VIPE3,1,,0.336,2017,4/6/17,
non_plot,VIPE3,2,,0.7615,2017,4/6/17,
non_plot,VIPE3,3,,0.5686,2017,4/6/17,
non_plot,VIPE3,4,,1.0572,2017,4/6/17,
non_plot,VIPE3,5,,0.0641,2017,4/6/17,
non_plot,VIPE3,6,,0.1877,2017,4/6/17,
non_plot,VIPE3,7,,0.4397,2017,4/6/17,
non_plot,VIPE3,8,,0.925,2017,4/6/17,
754,VUMA,1,,0.6918,2017,,
754,VUMA,2,,0.4188,2017,,
754,VUMA,3,,0.1686,2017,,
754,VUMA,4,,0.3412,2017,,
754,VUMA,5,,0.4154,2017,,
761,VUMA,1,,0.6589,2017,,
761,VUMA,2,,1.8915,2017,,
761,VUMA,3,,0.7664,2017,,
761,VUMA,4,,0.94418,2017,,
761,VUMA,5,,0.1381,2017,,
751,VUMI,1,all,0.134,2017,,
751,VUMI,2,,0.0996,2017,,
751,VUMI,3,,0.0328,2017,,
751,VUMI,4,,0.0838,2017,,
751,VUMI,5,,0.0974,2017,,
752,VUMI,1,,0.2526,2017,,
752,VUMI,2,,0.1172,2017,,
752,VUMI,3,,0.0698,2017,,
755,VUMI,1,,0.1945,2017,,
755,VUMI,2,,0.2739,2017,,
755,VUMI,3,,0.2213,2017,,
755,VUMI,4,,0.0971,2017,,
755,VUMI,5,,0.3039,2017,,
UCLA ,CLPE,1,leaves,0.0489,2020,1/9/20,
UCLA ,CLPE,1,stem,0.0155,2020,1/9/20,
UCLA ,CLPE,2,leaves,0.0638,2020,1/9/20,
UCLA ,CLPE,2,stem,0.0157,2020,1/9/20,
UCLA ,CLPE,3,leaves,0.1332,2020,1/9/20,
UCLA ,CLPE,3,stem,0.0223,2020,1/9/20,
UCLA ,LOGA2,1,leaves,0.0882,2020,1/7/20,
UCLA ,LOGA2,1,stem,0.054,2020,1/7/20,
UCLA ,LOGA2,2,leaves,0.1294,2020,1/7/20,
UCLA ,LOGA2,2,stem,0.0575,2020,1/7/20,
UCLA ,LOGA2,3,leaves,0.1042,2020,1/7/20,
UCLA ,LOGA2,3,stem,0.0652,2020,1/7/20,
UCLA ,LOGA2,4,leaves,0.0828,2020,1/7/20,
UCLA ,LOGA2,4,stem,0.0358,2020,1/7/20,
UCLA ,LOGA2,5,leaves,0.1251,2020,1/7/20,
UCLA ,LOGA2,5,stem,0.0686,2020,1/7/20,
UCLA ,LOGA2,6,leaves,0.01,2020,1/7/20,
UCLA ,LOGA2,6,stem,0.0149,2020,1/7/20,
UCLA ,LOGA2,7,leaves,0.0429,2020,1/7/20,
UCLA ,LOGA2,7,stem,0.0239,2020,1/7/20,
UCLA ,LOGA2,8,leaves,0.0844,2020,1/7/20,
UCLA ,LOGA2,8,stem,0.0428,2020,1/7/20,