plot,species,plant,leaf,leaf_length_cm,leaf_width_cm,petiole,wet_mass_g,petiole_mass_g,dry_mass_g,dry_mass_petiole_g,n_leaves,date,notes1,notes2,notes3,notes4
non_plot,DOCL,1,1,49,23,FALSE,0.23361,,0.02885,,1,3/3/17,,,,
non_plot,DOCL,1,2,49,24,FALSE,0.27887,,0.03572,,1,3/3/17,,,,
non_plot,DOCL,1,3,50,24,FALSE,0.18509,,0.02546,,1,3/3/17,,,,
non_plot,DOCL,2,1,43,21,FALSE,0.1854,,0.02285,,1,3/3/17,,,,
non_plot,DOCL,2,2,42,21,FALSE,0.16277,,0.0204,,1,3/3/17,,,,
non_plot,DOCL,2,3,41,18,FALSE,0.12381,,0.01515,,1,3/3/17,,,,
non_plot,DOCL,3,1,61,31,FALSE,0.4842,,0.05455,,1,3/3/17,,,,
non_plot,DOCL,3,2,59,30,FALSE,0.40298,,0.04134,,1,3/3/17,,,,
non_plot,DOCL,3,3,53,22,FALSE,0.2472,,0.02807,,1,3/3/17,,,,
non_plot,DOCL,4,1,58,20,FALSE,0.18237,,0.02148,,1,3/3/17,,,,
non_plot,DOCL,4,2,51,18,FALSE,0.13994,,0.01676,,1,3/3/17,,,,
non_plot,DOCL,4,3,51,14,FALSE,0.09382,,0.01138,,1,3/3/17,,,,
non_plot,DOCL,5,1,54,25,FALSE,0.26865,,0.03251,,1,3/3/17,,,,
non_plot,DOCL,5,2,55,26,FALSE,0.28129,,0.03188,,1,3/3/17,,,,
non_plot,DOCL,5,3,58,25,FALSE,0.29324,,0.0314,,1,3/3/17,,,,
non_plot,DOCL,6,1,45,16,FALSE,0.1008,,0.01248,,1,3/3/17,,,,
non_plot,DOCL,6,2,43,14,FALSE,0.08673,,0.01183,,1,3/3/17,,,,
non_plot,DOCL,6,3,40,13,FALSE,0.06765,,0.00904,,1,3/3/17,,,,
non_plot,DOCL,7,1,71,24,FALSE,0.32314,,0.0342,,1,3/3/17,,,,
non_plot,DOCL,7,2,69,21,FALSE,0.24753,,0.02891,,1,3/3/17,,,,
non_plot,DOCL,8,1,58,22,FALSE,0.29732,,0.02714,,1,3/3/17,,,,
non_plot,DOCL,8,2,55,23,FALSE,0.28811,,0.0291,,1,3/3/17,,,,
non_plot,DOCL,8,3,62,20,FALSE,0.27144,,0.02444,,1,3/3/17,,,,
non_plot,THCU,9,1,15,2,FALSE,0.00431,,0.00067,,1,3/3/17,,,,
non_plot,THCU,9,2,15,3,FALSE,0.00348,,0.00068,,1,3/3/17,,,,
non_plot,THCU,9,3,13,3,FALSE,0.00332,,0.00064,,1,3/3/17,,,,
non_plot,THCU,10,1,31,5,FALSE,0.03139,,0.00469,,1,3/3/17,,,,
non_plot,THCU,10,2,34,6,FALSE,0.03371,,0.00573,,1,3/3/17,,,,
non_plot,THCU,10,3,25,5,FALSE,0.01687,,0.00373,,1,3/3/17,,,,
non_plot,THCU,11,1,25,5,FALSE,0.01396,,0.00273,,1,3/3/17,,,,
non_plot,THCU,11,2,24,5,FALSE,0.01264,,0.00217,,1,3/3/17,,,,
non_plot,THCU,11,3,16,3,FALSE,0.0042,,0.00116,,1,3/3/17,,,,
non_plot,THCU,12,1,31,6,FALSE,0.02229,,0.00443,,1,3/3/17,,,,
non_plot,THCU,12,2,26,5,FALSE,0.01857,,0.00365,,1,3/3/17,,,,
non_plot,THCU,12,3,24,4,FALSE,0.01075,,0.00263,,1,3/3/17,,,,
non_plot,THCU,13,1,34,6,FALSE,0.02861,,0.00364,,1,3/3/17,,,,
non_plot,THCU,13,2,25,4,FALSE,0.01425,,0.00315,,1,3/3/17,,,,
non_plot,THCU,13,3,23,4,FALSE,0.01172,,0.00271,,1,3/3/17,,,,
non_plot,THCU,14,1,28,5,FALSE,0.01851,,0.00288,,1,3/3/17,,,,
non_plot,THCU,14,2,17,3,FALSE,0.00683,,0.00145,,1,3/3/17,,,,
non_plot,THCU,14,3,16,4,FALSE,0.00463,,0.00109,,1,3/3/17,,,,
non_plot,THCU,15,1,31,5,FALSE,0.01857,,0.00286,,1,3/3/17,,,,
non_plot,THCU,15,2,19,3,FALSE,0.00808,,0.00148,,1,3/3/17,,,,
non_plot,THCU,15,3,11,3,FALSE,0.00516,,0.00118,,1,3/3/17,,,,
non_plot,THCU,16,1,37,7,FALSE,0.03455,,0.00595,,1,3/3/17,,,,
non_plot,THCU,16,2,36,6,FALSE,0.03255,,0.00645,,1,3/3/17,,,,
non_plot,THCU,16,3,21,3,FALSE,0.00881,,0.00226,,1,3/3/17,,,,
non_plot,THLA3,17,1,54,15,FALSE,0.02266,,0.00364,,1,3/3/17,,,,
non_plot,THLA3,17,2,48,20,FALSE,0.02222,,0.00378,,1,3/3/17,,,,
non_plot,THLA3,17,3,30,3,FALSE,0.00649,,0.00137,,1,3/3/17,,,,
non_plot,THLA3,18,1,60,8,FALSE,0.04267,,0.00747,,1,3/3/17,,,,
non_plot,THLA3,18,2,59,5,FALSE,0.03632,,0.00673,,1,3/3/17,,,,
non_plot,THLA3,18,3,39,3,FALSE,0.01205,,0.00244,,1,3/3/17,,,,
non_plot,THLA3,19,1,75,24,FALSE,0.08254,,0.01202,,1,3/3/17,,,,
non_plot,THLA3,19,2,46,7,FALSE,0.01805,,0.00328,,1,3/3/17,,,,
non_plot,THLA3,19,3,28,3,FALSE,0.00588,,0.00121,,1,3/3/17,,,,
non_plot,THLA3,20,1,86,25,FALSE,0.06026,,0.00874,,1,3/3/17,,,,
non_plot,THLA3,20,2,63,7,FALSE,0.02367,,0.00411,,1,3/3/17,,,,
non_plot,THLA3,20,3,47,4,FALSE,0.01333,,0.00233,,1,3/3/17,,,,
non_plot,THLA3,21,1,75,22,FALSE,0.03796,,0.00567,,1,3/3/17,,,,
non_plot,THLA3,21,2,52,4,FALSE,0.01664,,0.00292,,1,3/3/17,,,,
non_plot,THLA3,21,3,58,11,FALSE,0.02111,,0.00338,,1,3/3/17,,,,
non_plot,THLA3,22,1,84,17,FALSE,0.09161,,0.01334,,1,3/3/17,,,,
non_plot,THLA3,22,2,56,6,FALSE,0.03906,,0.00708,,1,3/3/17,,,,
non_plot,THLA3,22,3,54,13,FALSE,0.03035,,0.00412,,1,3/3/17,,,,
non_plot,THLA3,23,1,48,21,FALSE,0.01761,,0.00271,,1,3/3/17,,,,
non_plot,THLA3,23,2,42,10,FALSE,0.01362,,0.00231,,1,3/3/17,,,,
non_plot,THLA3,23,3,34,6,FALSE,0.00884,,0.00157,,1,3/3/17,,,,
non_plot,THLA3,24,1,41,9,FALSE,0.01825,,0.00311,,1,3/3/17,,,,
non_plot,THLA3,24,2,43,6,FALSE,0.01674,,0.00278,,1,3/3/17,,,,
non_plot,THLA3,24,3,30,2,FALSE,0.00678,,0.00123,,1,3/3/17,,,,
non_plot,GIOC,1,1,2.8,1,FALSE,0.03777,,0.00541,,1,3/22/17,with petiole,,,
non_plot,GIOC,1,2,2.9,0.9,FALSE,0.03881,,0.00558,,1,3/22/17,with petiole,,,
non_plot,GIOC,1,3,2.7,0.9,FALSE,0.03724,,0.00559,,1,3/22/17,with petiole,,,
non_plot,GIOC,2,1,3.6,2.7,FALSE,0.08769,,0.01225,,1,3/22/17,with petiole,,,
non_plot,GIOC,2,2,4,1.5,FALSE,0.07328,,0.00943,,1,3/22/17,with petiole,,,
non_plot,GIOC,2,3,4,1.7,FALSE,0.09312,,0.01298,,1,3/22/17,with petiole,,,
non_plot,GIOC,3,1,4.6,1.3,FALSE,0.06586,,0.00841,,1,3/22/17,with petiole,,,
non_plot,GIOC,3,2,5.1,1.2,FALSE,0.09017,,0.01202,,1,3/22/17,with petiole,,,
non_plot,GIOC,3,3,3.4,1.9,FALSE,0.05643,,0.00878,,1,3/22/17,with petiole,,,
non_plot,GIOC,4,1,5.1,1.6,FALSE,0.09724,,0.0124,,1,3/22/17,with petiole,,,
non_plot,GIOC,4,2,4.7,1.5,FALSE,0.08617,,0.01187,,1,3/22/17,with petiole,,,
non_plot,GIOC,4,3,4.5,1.4,FALSE,0.07821,,0.00969,,1,3/22/17,with petiole,,,
non_plot,GIOC,5,1,4.7,1.5,FALSE,0.07318,,0.00986,,1,3/22/17,with petiole,,,
non_plot,GIOC,5,2,4.6,2,FALSE,0.08162,,0.01146,,1,3/22/17,with petiole,,,
non_plot,GIOC,5,3,4.2,2.2,FALSE,0.08055,,0.01154,,1,3/22/17,with petiole,,,
non_plot,GIOC,6,1,6.1,1.7,FALSE,0.08934,,0.01183,,1,3/22/17,with petiole,,,
non_plot,GIOC,6,2,5.8,1.3,FALSE,0.07435,,0.01053,,1,3/22/17,with petiole,,,
non_plot,GIOC,6,3,6.1,1.7,FALSE,0.08741,,0.01165,,1,3/22/17,with petiole,,,
non_plot,GIOC,7,1,4.2,1.8,FALSE,0.12189,,0.01461,,1,3/22/17,with petiole,,,
non_plot,GIOC,7,2,3.5,1.5,FALSE,0.0948,,0.01359,,1,3/22/17,with petiole,,,
non_plot,GIOC,7,3,4.2,1.5,FALSE,0.10846,,0.01433,,1,3/22/17,with petiole,,,
non_plot,GIOC,8,1,4.5,1.4,FALSE,0.07636,,,,1,3/22/17,with petiole,,,
non_plot,GIOC,8,2,4.2,1.1,FALSE,0.04819,,,,1,3/22/17,with petiole,,,
non_plot,GIOC,8,3,4.3,1.1,FALSE,0.05164,,,,1,3/22/17,with petiole,,,
non_plot,LEBI4,1,1,6,2.6,TRUE,0.09284,,0.01151,,1,3/22/17,with petiole,,,
non_plot,LEBI4,1,2,6.2,3.2,TRUE,0.11487,,0.01394,,1,3/22/17,with petiole,,,
non_plot,LEBI4,1,3,3.5,2,TRUE,0.03817,,0.00552,,1,3/22/17,with petiole,,,
non_plot,LEBI4,2,1,5.3,2.1,TRUE,0.06117,,0.00847,,1,3/22/17,with petiole,,,
non_plot,LEBI4,2,2,5,2.6,TRUE,0.05843,,0.00822,,1,3/22/17,with petiole,,,
non_plot,LEBI4,2,3,3.6,1.9,TRUE,0.03672,,0.00553,,1,3/22/17,with petiole,,,
non_plot,LEBI4,3,1,6,2.6,TRUE,0.07726,,0.00812,,1,3/22/17,with petiole,,,
non_plot,LEBI4,3,2,5.5,2.5,TRUE,0.07029,,0.00751,,1,3/22/17,with petiole,,,
non_plot,LEBI4,3,3,4.8,2.6,TRUE,0.05135,,0.00593,,1,3/22/17,with petiole,,,
non_plot,LEBI4,4,1,6.2,4.6,TRUE,0.0817,,0.00939,,1,3/22/17,with petiole,,,
non_plot,LEBI4,4,2,4.6,3.4,TRUE,0.0474,,0.00589,,1,3/22/17,with petiole,,,
non_plot,LEBI4,4,3,4.8,1.9,TRUE,0.04105,,0.00514,,1,3/22/17,with petiole,,,
non_plot,LEBI4,5,1,6,2.9,TRUE,0.07636,,0.01234,,1,3/22/17,with petiole,,,
non_plot,LEBI4,5,2,6.3,4,TRUE,0.09576,,0.01408,,1,3/22/17,with petiole,,,
non_plot,LEBI4,5,3,3.9,2,TRUE,0.04112,,0.00671,,1,3/22/17,with petiole,,,
non_plot,LEBI4,6,1,5.8,2.7,TRUE,0.08331,,0.01131,,1,3/22/17,"with petiole, all leaves split across 2 scans",,,
non_plot,LEBI4,6,2,4.9,2.5,TRUE,0.0462,,0.00564,,1,3/22/17,"with petiole, all leaves split across 2 scans",,,
non_plot,LEBI4,6,3,4.8,2,TRUE,0.04351,,0.00623,,1,3/22/17,"with petiole, all leaves split across 2 scans",,,
non_plot,LEBI4,7,1,6.2,2.4,TRUE,0.09714,,0.01262,,1,3/22/17,with petiole,,,
non_plot,LEBI4,7,2,5.2,2.2,TRUE,0.05941,,0.00821,,1,3/22/17,with petiole,,,
non_plot,LEBI4,7,3,4.6,2.3,TRUE,0.04349,,0.00636,,1,3/22/17,with petiole,,,
non_plot,LEBI4,8,1,5.5,3.3,TRUE,0.10731,,0.0149,,1,3/22/17,with petiole,,,
non_plot,LEBI4,8,2,6,3.2,TRUE,0.16141,,0.02112,,1,3/22/17,with petiole,,,
non_plot,LEBI4,8,3,3.8,2.2,TRUE,0.05508,,0.00808,,1,3/22/17,with petiole,,,
non_plot,CLPE,1,1,18.8,6.5,TRUE,0.97673,,0.04,,1,3/24/17,Clpe == Claytonia perfoliata == miners lettuce,,,
non_plot,CLPE,1,2,17.9,5.8,TRUE,0.81484,,0.0304,,1,3/24/17,,,,
non_plot,CLPE,1,3,17.4,5.6,TRUE,0.46777,,0.02,,1,3/24/17,,,,
non_plot,CLPE,2,1,12.1,4.5,TRUE,0.40701,,0.0182,,1,3/24/17,,,,
non_plot,CLPE,2,2,13.8,4.7,TRUE,0.55611,,0.0245,,1,3/24/17,,,,
non_plot,CLPE,2,3,11.6,3.6,TRUE,0.33044,,0.0155,,1,3/24/17,,,,
non_plot,CLPE,3,1,15.6,5.8,TRUE,0.81852,,0.0348,,1,3/24/17,,,,
non_plot,CLPE,3,2,11.8,3.6,TRUE,0.26432,,0.0107,,1,3/24/17,,,,
non_plot,CLPE,3,3,10.3,3,TRUE,0.20406,,0.0084,,1,3/24/17,,,,
non_plot,CLPE,4,1,12.1,3.6,TRUE,0.34799,,0.0133,,1,3/24/17,,,,
non_plot,CLPE,4,2,11.6,2.8,TRUE,0.22342,,0.0075,,1,3/24/17,,,,
non_plot,CLPE,4,3,8.1,1.8,TRUE,0.09329,,0.0036,,1,3/24/17,,,,
non_plot,CLPE,5,1,12.5,4.6,TRUE,0.37841,,0.019,,1,3/24/17,,,,
non_plot,CLPE,5,2,11.9,4.7,TRUE,0.40876,,0.0194,,1,3/24/17,,,,
non_plot,CLPE,5,3,11.1,3.5,TRUE,0.25102,,0.0127,,1,3/24/17,,,,
non_plot,CLPE,6,1,11.8,4.9,TRUE,0.47869,,0.0167,,1,3/24/17,,,,
non_plot,CLPE,6,2,17.6,5,TRUE,0.64498,,0.0238,,1,3/24/17,,,,
non_plot,CLPE,6,3,12.4,2.8,TRUE,0.23823,,0.008,,1,3/24/17,,,,
non_plot,CLPE,7,1,15.8,4.9,TRUE,0.61975,,0.028,,1,3/24/17,,,,
non_plot,CLPE,7,2,13.6,3.8,TRUE,0.36212,,0.0162,,1,3/24/17,,,,
non_plot,CLPE,7,3,11.3,3.2,TRUE,0.23717,,0.011,,1,3/24/17,,,,
non_plot,CLPE,8,1,17,6,TRUE,0.85789,,0.033,,1,3/24/17,,,,
non_plot,CLPE,8,2,15.5,4.7,TRUE,0.56843,,0.0212,,1,3/24/17,,,,
non_plot,CLPE,8,3,15.6,5,TRUE,0.60702,,0.0235,,1,3/24/17,,,,
non_plot,FEMY2,1,1,4.4,0.2,FALSE,0.00895,,0.0023,,1,4/4/17,leaves often curled when scanning,,,
non_plot,FEMY2,1,2,7.1,0.3,FALSE,0.01687,,0.0047,,1,4/4/17,leaves often curled when scanning,,,
non_plot,FEMY2,1,3,5,0.2,FALSE,0.01107,,0.0033,,1,4/4/17,leaves often curled when scanning,,,
non_plot,FEMY2,2,1,4.3,0.2,FALSE,0.0124,,0.0034,,1,4/4/17,leaves often curled when scanning,,,
non_plot,FEMY2,2,2,3.7,0.2,FALSE,0.00636,,0.0021,,1,4/4/17,leaves often curled when scanning,,,
non_plot,FEMY2,2,3,2.9,0.2,FALSE,0.00346,,,,1,4/4/17,"leaves often curled when scanning, missing dry weight, leaf probably fell out of envelope",,,
non_plot,FEMY2,3,1,5,0.1,FALSE,0.00654,,0.0019,,1,4/4/17,leaves often curled when scanning,,,
non_plot,FEMY2,3,2,3.1,0.1,FALSE,0.00372,,0.0015,,1,4/4/17,leaves often curled when scanning,,,
non_plot,FEMY2,3,3,2.9,0.1,FALSE,0.00326,,0.0001,,1,4/4/17,"leaves often curled when scanning, leaf dry weight too low, leaves probably fell out  of envelope",,,
non_plot,LEPA51,1,1,0.8,0.8,FALSE,0.00384,,0.001,,1,4/4/17,,,,
non_plot,LEPA51,1,2,0.8,0.8,FALSE,0.0031,,0.00064,,1,4/4/17,,,,
non_plot,LEPA51,1,3,0.8,0.6,FALSE,0.00233,,0.00035,,1,4/4/17,,,,
non_plot,LEPA51,2,1,1.1,1.4,FALSE,0.00671,,0.0012,,1,4/4/17,,,,
non_plot,LEPA51,2,2,1.2,1.6,FALSE,0.00995,,0.00218,,1,4/4/17,,,,
non_plot,LEPA51,2,3,1.6,1.1,FALSE,0.00879,,0.00168,,1,4/4/17,,,,
non_plot,LEPA51,3,1,0.9,0.5,FALSE,0.0018,,0.00043,,1,4/4/17,,,,
non_plot,LEPA51,3,2,0.9,0.9,FALSE,0.00204,,0.00046,,1,4/4/17,,,,
non_plot,LEPA51,3,3,1.1,0.8,FALSE,0.00286,,0.00077,,1,4/4/17,,,,
non_plot,LEPA51,4,1,0.9,1.1,FALSE,0.00302,,0.00062,,1,4/4/17,,,,
non_plot,LEPA51,4,2,1.4,1.2,FALSE,0.00403,,0.00095,,1,4/4/17,,,,
non_plot,LEPA51,4,3,1.3,0.9,FALSE,0.00379,,0.00086,,1,4/4/17,,,,
non_plot,LEPA51,5,1,0.7,0.7,FALSE,0.00167,,0.00029,,1,4/4/17,,,,
non_plot,LEPA51,5,2,1,0.7,FALSE,0.003,,0.00056,,1,4/4/17,,,,
non_plot,LEPA51,5,3,1.1,0.9,FALSE,0.00416,,0.00086,,1,4/4/17,,,,
non_plot,LEPA51,6,1,1,0.7,FALSE,0.0056,,0.00109,,1,4/4/17,,,,
non_plot,LEPA51,6,2,0.9,1.2,FALSE,0.00589,,0.00129,,1,4/4/17,,,,
non_plot,LEPA51,6,3,0.9,1.2,FALSE,0.00663,,0.00123,,1,4/4/17,,,,
non_plot,LEPA51,7,1,1.8,1.9,FALSE,0.00815,,0.00176,,1,4/4/17,,,,
non_plot,LEPA51,7,2,1.1,1.7,FALSE,0.00781,,0.00138,,1,4/4/17,,,,
non_plot,LEPA51,7,3,1,1.5,FALSE,0.00448,,0.00079,,1,4/4/17,,,,
non_plot,LEPA51,8,1,0.9,0.6,FALSE,0.00211,,0.0005,,1,4/4/17,,,,
non_plot,LEPA51,8,2,0.9,0.8,FALSE,0.00242,,0.0004,,1,4/4/17,,,,
non_plot,LEPA51,8,3,0.9,0.8,FALSE,0.00231,,0.0004,,1,4/4/17,,,,
non_plot,LOST4,1,1,1.5,1.3,TRUE,0.03201,,0.00601,,1,4/5/17,"With petiole, Lost == lotus strigosus",,,
non_plot,LOST4,1,2,1.4,1,TRUE,0.03528,,0.00679,,1,4/5/17,with petiole,,,
non_plot,LOST4,1,3,1.3,0.9,TRUE,0.02731,,0.00511,,1,4/5/17,with petiole,,,
non_plot,LOST4,2,1,1.9,0.7,TRUE,0.02454,,0.00435,,1,4/5/17,with petiole,,,
non_plot,LOST4,2,2,1.4,1.1,TRUE,0.02578,,0.00556,,1,4/5/17,with petiole,,,
non_plot,LOST4,2,3,1.2,0.9,TRUE,0.02324,,0.00454,,1,4/5/17,with petiole,,,
non_plot,LOST4,3,1,1.3,0.9,TRUE,0.03012,,0.00465,,1,4/5/17,with petiole,,,
non_plot,LOST4,3,2,1.8,1.1,TRUE,0.05054,,0.00968,,1,4/5/17,with petiole,,,
non_plot,LOST4,3,3,1.3,0.8,TRUE,0.03407,,0.006,,1,4/5/17,with petiole,,,
non_plot,LOST4,4,1,1.9,1.4,TRUE,0.05293,,0.0087,,1,4/5/17,with petiole,,,
non_plot,LOST4,4,2,2.1,1.2,TRUE,0.04782,,0.0075,,1,4/5/17,with petiole,,,
non_plot,LOST4,4,3,1.5,1,TRUE,0.02504,,0.0047,,1,4/5/17,with petiole,,,
non_plot,LOST4,5,1,1.4,1.1,TRUE,0.03002,,0.0055,,1,4/5/17,with petiole,,,
non_plot,LOST4,5,2,1.2,1,TRUE,0.023,,0.0048,,1,4/5/17,with petiole,,,
non_plot,LOST4,5,3,1,0.8,TRUE,0.01927,,0.0043,,1,4/5/17,with petiole,,,
non_plot,LOST4,6,1,1.2,0.7,TRUE,0.01749,,0.0038,,1,4/5/17,with petiole,,,
non_plot,LOST4,6,2,1.4,1,TRUE,0.02389,,0.0038,,1,4/5/17,with petiole,,,
non_plot,LOST4,6,3,1.1,1.2,TRUE,0.01526,,0.0029,,1,4/5/17,with petiole,,,
non_plot,LOST4,7,1,1.1,0.8,TRUE,0.01827,,0.0033,,1,4/5/17,with petiole,,,
non_plot,LOST4,7,2,1.1,0.7,TRUE,0.01404,,0.0029,,1,4/5/17,with petiole,,,
non_plot,LOST4,7,3,1,0.5,TRUE,0.01215,,0.0025,,1,4/5/17,with petiole,,,
non_plot,LOST4,8,1,1.3,1.2,TRUE,0.02268,,0.0046,,1,4/5/17,with petiole,,,
non_plot,LOST4,8,2,1.4,1,TRUE,0.02075,,0.0045,,1,4/5/17,with petiole,,,
non_plot,LOST4,8,3,1.4,0.6,TRUE,0.0189,,0.0032,,1,4/5/17,with petiole,,,
non_plot,BRHO2,1,1,9.1,0.4,FALSE,0.04384,,0.0095,,1,4/6/17,,,,
non_plot,BRHO2,1,2,10,0.4,FALSE,0.04871,,0.0112,,1,4/6/17,,,,
non_plot,BRHO2,1,3,7.9,0.4,FALSE,0.03585,,0.0081,,1,4/6/17,,,,
non_plot,BRHO2,2,1,7.9,0.4,FALSE,0.03525,,0.0087,,1,4/6/17,,,,
non_plot,BRHO2,2,2,7.4,0.5,FALSE,0.03688,,0.0095,,1,4/6/17,,,,
non_plot,BRHO2,2,3,6.5,0.3,FALSE,0.01819,,0.0043,,1,4/6/17,,,,
non_plot,BRHO2,3,1,8.7,0.4,FALSE,0.04205,,0.0104,,1,4/6/17,,,,
non_plot,BRHO2,3,2,8.7,0.4,FALSE,0.04169,,0.0099,,1,4/6/17,,,,
non_plot,BRHO2,3,3,9.1,0.5,FALSE,0.04186,,0.0115,,1,4/6/17,,,,
non_plot,BRHO2,4,1,8.9,0.6,FALSE,0.06333,,0.0157,,1,4/6/17,,,,
non_plot,BRHO2,4,2,8.3,0.6,FALSE,0.0557,,0.0143,,1,4/6/17,,,,
non_plot,BRHO2,4,3,10.6,0.5,FALSE,0.055,,0.0136,,1,4/6/17,,,,
non_plot,BRHO2,5,1,10.7,0.6,FALSE,0.06777,,0.0175,,1,4/6/17,,,,
non_plot,BRHO2,5,2,8.7,0.4,FALSE,0.03557,,0.009,,1,4/6/17,,,,
non_plot,BRHO2,5,3,7.1,0.3,FALSE,0.02575,,0.0059,,1,4/6/17,,,,
non_plot,BRHO2,6,1,6.6,0.5,FALSE,0.03567,,0.009,,1,4/6/17,this plant leaf area scanned in two parts ,,,
non_plot,BRHO2,6,2,8.9,0.6,FALSE,0.06775,,0.0151,,1,4/6/17,,,,
non_plot,BRHO2,6,3,9.1,0.5,FALSE,0.05747,,0.0139,,1,4/6/17,,,,
non_plot,BRHO2,7,1,12,0.7,FALSE,0.09693,,0.0238,,1,4/6/17,,,,
non_plot,BRHO2,7,2,7.2,0.4,FALSE,0.02861,,0.0077,,1,4/6/17,,,,
non_plot,BRHO2,7,3,7.1,0.4,FALSE,0.02903,,0.0087,,1,4/6/17,,,,
non_plot,BRHO2,8,1,5.8,0.4,FALSE,0.02485,,0.0063,,1,4/6/17,,,,
non_plot,BRHO2,8,2,4.5,0.3,FALSE,0.01683,,0.0037,,1,4/6/17,,,,
non_plot,BRHO2,8,3,8.2,0.5,FALSE,0.04968,,0.0138,,1,4/6/17,,,,
non_plot,ERMO7,1,1,6.9,3.5,TRUE,0.2045,,0.0308,,1,4/6/17,"With petiole, Ermo == Erodium moschatum",,,
non_plot,ERMO7,1,2,4.2,2.6,TRUE,0.08459,,0.0121,,1,4/6/17,with petiole,,,
non_plot,ERMO7,1,3,8.1,2.5,TRUE,0.14891,,0.0197,,1,4/6/17,with petiole,,,
non_plot,ERMO7,2,1,10.5,3,TRUE,0.36571,,0.0422,,1,4/6/17,with petiole,,,
non_plot,ERMO7,2,2,7.5,2,TRUE,0.1697,,0.0208,,1,4/6/17,with petiole,,,
non_plot,ERMO7,2,3,9.9,2.6,TRUE,0.21966,,0.0277,,1,4/6/17,with petiole,,,
non_plot,ERMO7,3,1,8.5,2.5,TRUE,0.11491,,0.0147,,1,4/6/17,with petiole,,,
non_plot,ERMO7,3,2,8.6,2.6,TRUE,0.1519,,0.022,,1,4/6/17,with petiole,,,
non_plot,ERMO7,3,3,8.1,1.6,TRUE,0.08111,,0.011,,1,4/6/17,with petiole,,,
non_plot,ERMO7,4,1,9,3.6,TRUE,0.19758,,0.0243,,1,4/6/17,with petiole,,,
non_plot,ERMO7,4,2,10,3.4,TRUE,0.2645,,0.0333,,1,4/6/17,with petiole,,,
non_plot,ERMO7,4,3,7.3,3,TRUE,0.18893,,0.0249,,1,4/6/17,with petiole,,,
non_plot,ERMO7,5,1,6.5,2.2,TRUE,0.12055,,0.0194,,1,4/6/17,with petiole,,,
non_plot,ERMO7,5,2,7.1,1.1,TRUE,0.07007,,0.0107,,1,4/6/17,with petiole,,,
non_plot,ERMO7,5,3,3.6,2.7,TRUE,0.06625,,0.0114,,1,4/6/17,with petiole,,,
non_plot,ERMO7,6,1,8.7,3.5,TRUE,0.2223,,0.0355,,1,4/6/17,with petiole,,,
non_plot,ERMO7,6,2,8.7,2,TRUE,0.1476,,0.0241,,1,4/6/17,with petiole,,,
non_plot,ERMO7,6,3,3,2,TRUE,0.05197,,0.0114,,1,4/6/17,with petiole,,,
non_plot,ERMO7,7,1,10.1,2,TRUE,0.15558,,0.025,,1,4/6/17,with petiole,,,
non_plot,ERMO7,7,2,7.1,1.7,TRUE,0.0786,,0.0134,,1,4/6/17,with petiole,,,
non_plot,ERMO7,7,3,6.5,1.8,TRUE,0.08027,,0.0143,,1,4/6/17,with petiole,,,
non_plot,ERMO7,8,1,7.5,2.2,TRUE,0.10767,,0.0197,,1,4/6/17,with petiole,,,
non_plot,ERMO7,8,2,7.6,2.1,TRUE,0.08406,,0.0131,,1,4/6/17,with petiole,,,
non_plot,ERMO7,8,3,7.3,2.4,TRUE,0.08211,,0.0139,,1,4/6/17,with petiole,,,
non_plot,FEMY2,4,1,9.5,0.2,FALSE,0.02383,,0.0058,,1,4/6/17,leaves curl when scanning leaf area total - double scanned area to calc. total area,,,
non_plot,FEMY2,4,2,9.1,0.2,FALSE,0.02441,,0.005,,1,4/6/17,,,,
non_plot,FEMY2,4,3,8.2,0.2,FALSE,0.02298,,0.005,,1,4/6/17,,,,
non_plot,FEMY2,5,1,7.4,0.3,FALSE,0.0191,,0.0031,,1,4/6/17,,,,
non_plot,FEMY2,5,2,8.1,0.3,FALSE,0.01903,,0.004,,1,4/6/17,,,,
non_plot,FEMY2,5,3,8,0.3,FALSE,0.01668,,0.0036,,1,4/6/17,,,,
non_plot,FEMY2,6,1,2.5,0.2,FALSE,0.00355,,,,1,4/6/17,"missing dry weight, leaf probably fell out of envelope",,,
non_plot,FEMY2,6,2,4.5,0.2,FALSE,0.00916,,0.0028,,1,4/6/17,,,,
non_plot,FEMY2,6,3,3.2,0.2,FALSE,0.0043,,,,1,4/6/17,"missing dry weight, leaf probably fell out of envelope",,,
non_plot,FEMY2,7,1,10.5,0.3,FALSE,0.0405,,0.0096,,1,4/6/17,leaf area of only half the plant ,,,
non_plot,FEMY2,7,2,14.4,0.3,FALSE,0.06208,,0.0143,,1,4/6/17,,,,
non_plot,FEMY2,7,3,10.9,0.3,FALSE,0.04094,,0.0092,,1,4/6/17,,,,
non_plot,FEMY2,8,1,7.8,0.3,FALSE,0.02218,,0.0052,,1,4/6/17,,,,
non_plot,FEMY2,8,2,8,0.3,FALSE,0.02134,,0.0056,,1,4/6/17,,,,
non_plot,FEMY2,8,3,7.1,0.2,FALSE,0.01903,,0.0058,,1,4/6/17,,,,
non_plot,LUBI,1,1,4.2,3.6,TRUE,0.06657,,0.0113,,1,4/6/17,"With petiole, Lubi == lupinus bicolor",,,
non_plot,LUBI,1,2,3.8,2.5,TRUE,0.03309,,0.0052,,1,4/6/17,with petiole,,,
non_plot,LUBI,1,3,3,2,TRUE,0.03223,,0.0059,,1,4/6/17,with petiole,,,
non_plot,LUBI,2,1,4.7,2.1,TRUE,0.04736,,0.0077,,1,4/6/17,with petiole,,,
non_plot,LUBI,2,2,3.3,2,TRUE,0.02996,,0.0052,,1,4/6/17,with petiole,,,
non_plot,LUBI,2,3,4.9,2.6,TRUE,0.05234,,0.0088,,1,4/6/17,with petiole,,,
non_plot,LUBI,3,1,2.6,2.1,TRUE,0.03497,,0.0068,,1,4/6/17,with petiole,,,
non_plot,LUBI,3,2,2.5,1.4,TRUE,0.01678,,0.0031,,1,4/6/17,with petiole,,,
non_plot,LUBI,3,3,2.8,1.8,TRUE,0.02762,,0.0054,,1,4/6/17,with petiole,,,
non_plot,LUBI,4,1,5.2,2.2,TRUE,0.04596,,0.0088,,1,4/6/17,with petiole,,,
non_plot,LUBI,4,2,5.4,3.1,TRUE,0.05999,,0.0114,,1,4/6/17,with petiole,,,
non_plot,LUBI,4,3,4.3,2.2,TRUE,0.03663,,0.0073,,1,4/6/17,with petiole,,,
non_plot,LUBI,5,1,3.7,2.8,TRUE,0.03504,,0.0065,,1,4/6/17,with petiole,,,
non_plot,LUBI,5,2,2.8,2.3,TRUE,0.02199,,0.0044,,1,4/6/17,with petiole,,,
non_plot,LUBI,5,3,2.6,1.8,TRUE,0.0197,,0.0044,,1,4/6/17,with petiole,,,
non_plot,LUBI,6,1,4.9,2.7,TRUE,0.06301,,0.0093,,1,4/6/17,with petiole,,,
non_plot,LUBI,6,2,3.8,3,TRUE,0.05439,,0.0101,,1,4/6/17,with petiole,,,
non_plot,LUBI,6,3,5.5,3.5,TRUE,0.08254,,0.0142,,1,4/6/17,with petiole,,,
non_plot,LUBI,7,1,4.8,2.8,TRUE,0.05523,,0.0081,,1,4/6/17,with petiole,,,
non_plot,LUBI,7,2,3.7,2.4,TRUE,0.03589,,0.0064,,1,4/6/17,with petiole,,,
non_plot,LUBI,7,3,3.3,2.2,TRUE,0.02932,,0.0051,,1,4/6/17,with petiole,,,
non_plot,LUBI,8,1,4.5,2.4,TRUE,0.03777,,0.007,,1,4/6/17,with petiole,,,
non_plot,LUBI,8,2,3.5,2.1,TRUE,0.03553,,0.0073,,1,4/6/17,with petiole,,,
non_plot,LUBI,8,3,2.5,1.3,TRUE,0.01428,,0.0031,,1,4/6/17,with petiole,,,
non_plot,VIPE3,1,1,8,2.5,TRUE,0.1451,,0.0255,,1,4/6/17,With petiole vipe == Viola pedunculata ,,,
non_plot,VIPE3,1,2,9.1,2.8,TRUE,0.17072,,0.0284,,1,4/6/17,with petiole,,,
non_plot,VIPE3,1,3,5.6,2.1,TRUE,0.08242,,0.0148,,1,4/6/17,with petiole,,,
non_plot,VIPE3,2,1,8.5,3.6,TRUE,0.22392,,0.0403,,1,4/6/17,with petiole,,,
non_plot,VIPE3,2,2,8.3,2.7,TRUE,0.1707,,0.0307,,1,4/6/17,with petiole,,,
non_plot,VIPE3,2,3,7.4,2.7,TRUE,0.17175,,0.0324,,1,4/6/17,with petiole,,,
non_plot,VIPE3,3,1,7.2,2,TRUE,0.05848,,0.0099,,1,4/6/17,with petiole,,,
non_plot,VIPE3,3,2,9,3.5,TRUE,0.21975,,0.0409,,1,4/6/17,with petiole,,,
non_plot,VIPE3,3,3,7.5,3.2,TRUE,0.16947,,0.0313,,1,4/6/17,with petiole,,,
non_plot,VIPE3,4,1,6.6,2,TRUE,0.06565,,0.0103,,1,4/6/17,"With petiole, leaf area two separate scans ",,,
non_plot,VIPE3,4,2,7.5,2.7,TRUE,0.1181,,0.0207,,1,4/6/17,with petiole,,,
non_plot,VIPE3,4,3,7.1,2.6,TRUE,0.1146,,0.022,,1,4/6/17,with petiole,,,
non_plot,VIPE3,5,1,5.5,2.1,TRUE,0.05884,,0.0101,,1,4/6/17,with petiole,,,
non_plot,VIPE3,5,2,7.3,2.6,TRUE,0.07706,,0.0135,,1,4/6/17,with petiole,,,
non_plot,VIPE3,5,3,7.5,2.3,TRUE,0.08301,,0.016,,1,4/6/17,with petiole,,,
non_plot,VIPE3,6,1,6.8,2.5,TRUE,0.10988,,0.0198,,1,4/6/17,with petiole,,,
non_plot,VIPE3,6,2,4.8,2.9,TRUE,0.0527,,0.0111,,1,4/6/17,with petiole,,,
non_plot,VIPE3,6,3,6.5,2.5,TRUE,0.09786,,0.019,,1,4/6/17,with petiole,,,
non_plot,VIPE3,7,1,6,1.5,TRUE,0.07451,,0.0091,,1,4/6/17,with petiole,,,
non_plot,VIPE3,7,2,6,1.7,TRUE,0.05322,,0.0072,,1,4/6/17,with petiole,,,
non_plot,VIPE3,7,3,7.2,1.9,TRUE,0.09092,,0.0119,,1,4/6/17,with petiole,,,
non_plot,VIPE3,8,1,8,2.7,TRUE,0.11956,,0.0202,,1,4/6/17,with petiole,,,
non_plot,VIPE3,8,2,9.5,3.4,TRUE,0.1847,,0.0343,,1,4/6/17,with petiole,,,
non_plot,VIPE3,8,3,7.8,2.8,TRUE,0.14054,,0.0267,,1,4/6/17,with petiole,,,
non_plot,MIDO,1,1,8,0.4,FALSE,0.05721,,0.0098,,1,4/10/17,,,,
non_plot,MIDO,1,2,8.1,0.4,FALSE,0.05791,,0.01,,1,4/10/17,H: 18.5, w1- 2, w2- 2,
non_plot,MIDO,1,3,9.6,0.4,FALSE,0.070763,,0.0124,,1,4/10/17,,,,
non_plot,MIDO,2,1,10.9,0.5,FALSE,0.0966,,0.0162,,1,4/10/17,H: 20.5, w1: 3, W2: 4.1,
non_plot,MIDO,2,2,9.8,0.4,FALSE,0.0799,,0.0129,,1,4/10/17,,,,
non_plot,MIDO,2,3,10.4,0.5,FALSE,0.07964,,0.0127,,1,4/10/17,,,,
non_plot,MIDO,3,1,11.3,0.5,FALSE,0.09769,,0.0153,,1,4/10/17,H:14.6, W1: 3, W2: 2.5,
non_plot,MIDO,3,2,9,0.5,FALSE,0.06081,,0.0102,,1,4/10/17,,,,
non_plot,MIDO,3,3,11.2,0.4,FALSE,0.08894,,0.0145,,1,4/10/17,,,,
non_plot,MIDO,4,1,5.9,0.4,FALSE,0.03646,,0.0058,,1,4/10/17,H: 22.2, W1: 9.5, W2: 5.2,
non_plot,MIDO,4,2,6.1,0.4,FALSE,0.03721,,0.0064,,1,4/10/17,,,,
non_plot,MIDO,4,3,6.3,0.4,FALSE,0.03826,,0.0063,,1,4/10/17,,,,
non_plot,MIDO,5,1,12.5,0.8,FALSE,0.13267,,0.0225,,1,4/10/17,H:28.9, W1: 8.5, W2: 6,
non_plot,MIDO,5,2,13.5,0.8,FALSE,0.138,,0.0228,,1,4/10/17,,,,
non_plot,MIDO,5,3,11.5,0.6,FALSE,0.08075,,0.0122,,1,4/10/17,,,,
non_plot,MIDO,6,1,12.6,0.7,FALSE,0.12342,,0.0206,,1,4/10/17,H: 26.4, w1: 6.5, w2: 5.5,
non_plot,MIDO,6,2,12,0.6,FALSE,0.09802,,0.0156,,1,4/10/17,,,,
non_plot,MIDO,6,3,9.9,0.6,FALSE,0.05223,,0.0084,,1,4/10/17,,,,
non_plot,MIDO,7,1,8.5,0.5,FALSE,0.06485,,0.0105,,1,4/10/17,H: 23.4, W1: 5, W2: 2,
non_plot,MIDO,7,2,10.9,0.6,FALSE,0.07719,,0.0125,,1,4/10/17,,,,
non_plot,MIDO,7,3,9.4,0.4,FALSE,0.05677,,0.0081,,1,4/10/17,,,,
non_plot,MIDO,8,1,9.8,0.5,FALSE,0.05871,,0.01,,1,4/10/17,H: 16.6, W1: 5.2, W2: 3,
non_plot,MIDO,8,2,8.4,0.5,FALSE,0.052993,,0.0093,,1,4/10/17,,,,
non_plot,MIDO,8,3,7.8,0.5,FALSE,0.04405,,0.0078,,1,4/10/17,,,,
non_plot,ANAR,1,1,1,0.75,FALSE,0.01548,,0.0027,,1,4/14/17,,,,
non_plot,ANAR,1,2,1.25,1,FALSE,0.0297,,0.0037,,1,4/14/17,,,,
non_plot,ANAR,1,3,1,0.75,FALSE,0.01273,,0.0018,,1,4/14/17,,,,
non_plot,ANAR,2,1,1,2,FALSE,0.01445,,0.0026,,1,4/14/17,,,,
non_plot,ANAR,2,2,0.75,0.5,FALSE,0.00858,,0.0017,,1,4/14/17,,,,
non_plot,ANAR,2,3,1,0.5,FALSE,0.01089,,0.0014,,1,4/14/17,,,,
non_plot,ANAR,3,1,1.25,1,FALSE,0.01974,,0.0031,,1,4/14/17,,,,
non_plot,ANAR,3,2,1.5,1,FALSE,0.02193,,0.004,,1,4/14/17,,,,
non_plot,ANAR,3,3,1.25,1,FALSE,0.02191,,0.0036,,1,4/14/17,,,,
non_plot,ANAR,4,1,1.25,1,FALSE,0.02013,,0.0038,,1,4/14/17,,,,
non_plot,ANAR,4,2,1.25,1,FALSE,0.02387,,0.0043,,1,4/14/17,,,,
non_plot,ANAR,4,3,0.75,0.75,FALSE,0.00941,,0.0019,,1,4/14/17,,,,
non_plot,ANAR,5,1,1.25,1,FALSE,0.01396,,0.002,,1,4/14/17,,,,
non_plot,ANAR,5,2,1.25,0.75,FALSE,0.01327,,0.0019,,1,4/14/17,,,,
non_plot,ANAR,5,3,1.25,0.75,FALSE,0.01242,,0.0019,,1,4/14/17,,,,
non_plot,ANAR,6,1,1.5,1,FALSE,0.02092,,0.0044,,1,4/14/17,,,,
non_plot,ANAR,6,2,1.5,1.25,FALSE,0.03204,,0.0062,,1,4/14/17,,,,
non_plot,ANAR,6,3,1.1,0.75,FALSE,0.01216,,0.0024,,1,4/14/17,,,,
non_plot,ANAR,7,1,1.25,1,FALSE,0.02223,,0.0027,,1,4/14/17,,,,
non_plot,ANAR,7,2,1.1,1,FALSE,0.01318,,0.0028,,1,4/14/17,,,,
non_plot,ANAR,7,3,1,0.75,FALSE,0.01318,,0.003,,1,4/14/17,,,,
non_plot,ANAR,8,1,1.1,0.75,FALSE,0.01098,,0.0025,,1,4/14/17,,,,
non_plot,ANAR,8,2,1,0.75,FALSE,0.00974,,0.0019,,1,4/14/17,,,,
non_plot,ANAR,8,3,1,0.75,FALSE,0.00724,,0.0019,,1,4/14/17,,,,
non_plot,ACMO2,1,1,5.5,0.4,FALSE,0.05833,,0.0079,,1,4/20/17,,,,
non_plot,ACMO2,1,2,5.1,0.4,FALSE,0.04693,,0.0069,,1,4/20/17,,,,
non_plot,ACMO2,1,3,6.1,0.5,FALSE,0.06751,,0.009,,1,4/20/17,,,,
non_plot,ACMO2,2,1,4.3,0.4,FALSE,0.04098,,0.0067,,1,4/20/17,,,,
non_plot,ACMO2,2,2,4.3,0.5,FALSE,0.04078,,0.0064,,1,4/20/17,,,,
non_plot,ACMO2,2,3,5.6,0.5,FALSE,0.06224,,0.0098,,1,4/20/17,,,,
non_plot,ACMO2,3,1,6.2,0.5,FALSE,0.06684,,0.0096,,1,4/20/17,,,,
non_plot,ACMO2,3,2,6,0.4,FALSE,0.07467,,0.0103,,1,4/20/17,,,,
non_plot,ACMO2,3,3,5.6,0.4,FALSE,0.05921,,0.0082,,1,4/20/17,,,,
non_plot,ACMO2,4,1,7.2,0.5,FALSE,0.09201,,0.0126,,1,4/20/17,,,,
non_plot,ACMO2,4,2,6.3,0.5,FALSE,0.08288,,0.0116,,1,4/20/17,,,,
non_plot,ACMO2,4,3,5.9,0.4,FALSE,0.06495,,0.009,,1,4/20/17,,,,
non_plot,ACMO2,5,1,6.7,0.5,FALSE,0.08921,,0.0118,,1,4/20/17,,,,
non_plot,ACMO2,5,2,6,0.4,FALSE,0.07362,,0.0096,,1,4/20/17,,,,
non_plot,ACMO2,5,3,5.6,0.5,FALSE,0.06502,,0.0094,,1,4/20/17,,,,
non_plot,ACMO2,6,1,7.8,0.6,FALSE,0.09013,,0.0097,,1,4/20/17,,,,
non_plot,ACMO2,6,2,4.6,0.3,FALSE,0.03446,,0.0044,,1,4/20/17,,,,
non_plot,ACMO2,6,3,4.7,0.3,FALSE,0.03954,,0.005,,1,4/20/17,,,,
non_plot,ACMO2,7,1,4.5,0.5,FALSE,0.04933,,0.0065,,1,4/20/17,,,,
non_plot,ACMO2,7,2,4.1,0.3,FALSE,0.03422,,0.0042,,1,4/20/17,,,,
non_plot,ACMO2,7,3,4.1,0.5,FALSE,0.03294,,0.0045,,1,4/20/17,,,,
non_plot,ACMO2,8,1,5.3,0.5,FALSE,0.04806,,0.0067,,1,4/20/17,,,,
non_plot,ACMO2,8,2,3.2,0.3,FALSE,0.01839,,0.0026,,1,4/20/17,,,,
non_plot,ACMO2,8,3,3.9,0.3,FALSE,0.03002,,0.0045,,1,4/20/17,,,,
non_plot,AGHE2,1,1,8.6,1.1,FALSE,0.10458,,0.0177,,1,4/20/17,,,,
non_plot,AGHE2,1,2,7.9,1,FALSE,0.09208,,0.0143,,1,4/20/17,,,,
non_plot,AGHE2,1,3,5.9,0.8,FALSE,0.06016,,0.0099,,1,4/20/17,,,,
non_plot,AGHE2,2,1,5.5,0.8,FALSE,0.06104,,0.0092,,1,4/20/17,,,,
non_plot,AGHE2,2,2,6,1,FALSE,0.06042,,0.0107,,1,4/20/17,,,,
non_plot,AGHE2,2,3,6.9,1,FALSE,0.07131,,0.0135,,1,4/20/17,,,,
non_plot,AGHE2,3,1,8.7,1.6,FALSE,0.12907,,0.0211,,1,4/20/17,,,,
non_plot,AGHE2,3,2,7.9,1.8,FALSE,0.11014,,0.0174,,1,4/20/17,,,,
non_plot,AGHE2,3,3,7.8,1.7,FALSE,0.11938,,0.0192,,1,4/20/17,,,,
non_plot,AGHE2,4,1,6.6,0.8,FALSE,0.06781,,0.01,,1,4/20/17,,,,
non_plot,AGHE2,4,2,7.3,1,FALSE,0.08111,,0.0121,,1,4/20/17,,,,
non_plot,AGHE2,4,3,5.5,1,FALSE,0.05605,,0.0088,,1,4/20/17,,,,
non_plot,AGHE2,5,1,6.1,1.1,FALSE,0.07953,,0.0122,,1,4/20/17,,,,
non_plot,AGHE2,5,2,5.5,0.8,FALSE,0.05904,,0.0094,,1,4/20/17,,,,
non_plot,AGHE2,5,3,4.8,1.1,FALSE,0.05605,,0.0083,,1,4/20/17,,,,
non_plot,AGHE2,6,1,10.6,1.5,FALSE,0.15143,,0.0236,,1,4/20/17,,,,
non_plot,AGHE2,6,2,9.7,1.5,FALSE,0.11927,,0.0187,,1,4/20/17,,,,
non_plot,AGHE2,6,3,8,1.6,FALSE,0.09933,,0.0152,,1,4/20/17,,,,
non_plot,AGHE2,7,1,11.4,1.7,FALSE,0.16675,,0.024,,1,4/20/17,,,,
non_plot,AGHE2,7,2,9.9,1.1,FALSE,0.11254,,0.0159,,1,4/20/17,,,,
non_plot,AGHE2,7,3,9.9,1.4,FALSE,0.13124,,0.0196,,1,4/20/17,,,,
non_plot,AGHE2,8,1,6.8,0.9,FALSE,0.12104,,0.017,,1,4/20/17,,,,
non_plot,AGHE2,8,2,5,0.9,FALSE,0.07279,,0.0097,,1,4/20/17,,,,
non_plot,AGHE2,8,3,7.7,1.2,FALSE,0.11503,,0.0163,,1,4/20/17,,,,
non_plot,AVBA,1,1,,,FALSE,0.04951,,0.0167,,1,4/21/17,97x10x8,,,
non_plot,AVBA,1,2,,,FALSE,0.09851,,0.0326,,1,4/21/17,,,,
non_plot,AVBA,1,3,,,FALSE,0.05842,,0.0205,,1,4/21/17,,,,
non_plot,AVBA,2,1,,,FALSE,0.10863,,0.0346,,1,4/21/17,77x16x15,,,
non_plot,AVBA,2,2,,,FALSE,0.04508,,0.0139,,1,4/21/17,,,,
non_plot,AVBA,2,3,,,FALSE,0.12881,,0.0395,,1,4/21/17,,,,
non_plot,AVBA,3,1,,,FALSE,0.05767,,0.01643,,1,4/21/17,60x8x7,,,
non_plot,AVBA,3,2,,,FALSE,0.06406,,0.01923,,1,4/21/17,,,,
non_plot,AVBA,3,3,,,FALSE,0.0649,,0.02176,,1,4/21/17,,,,
non_plot,AVBA,4,1,,,FALSE,0.08005,,0.0241,,1,4/21/17,86x5x5,,,
non_plot,AVBA,4,2,,,FALSE,0.12966,,0.04247,,1,4/21/17,,,,
non_plot,AVBA,4,3,,,FALSE,0.12112,,0.03307,,1,4/21/17,,,,
non_plot,AVBA,5,1,,,FALSE,0.08507,,0.02571,,1,4/21/17,82x6x12,,,
non_plot,AVBA,5,2,,,FALSE,0.10844,,0.03468,,1,4/21/17,,,,
non_plot,AVBA,5,3,,,FALSE,0.12787,,0.03418,,1,4/21/17,,,,
non_plot,AVBA,6,1,,,FALSE,0.08545,,0.02752,,1,4/21/17,44x17x9,,,
non_plot,AVBA,6,2,,,FALSE,0.08023,,0.0264,,1,4/21/17,,,,
non_plot,AVBA,6,3,,,FALSE,0.06464,,0.02,,1,4/21/17,,,,
non_plot,AVBA,7,1,,,FALSE,0.07025,,0.0229,,1,4/21/17,82x13x11,,,
non_plot,AVBA,7,2,,,FALSE,0.10134,,0.0331,,1,4/21/17,,,,
non_plot,AVBA,7,3,,,FALSE,0.05795,,0.01738,,1,4/21/17,,,,
non_plot,AVBA,8,1,,,FALSE,0.10829,,0.0325,,1,4/21/17,99x17x7,,,
non_plot,AVBA,8,2,,,FALSE,0.08679,,0.0292,,1,4/21/17,,,,
non_plot,AVBA,8,3,,,FALSE,0.06788,,0.0244,,1,4/21/17,,,,
non_plot,BRDI3,1,1,,,FALSE,0.16834,,0.0413,,1,4/21/17,63x19x8,,,
non_plot,BRDI3,1,2,,,FALSE,0.19491,,0.0469,,1,4/21/17,,,,
non_plot,BRDI3,1,3,,,FALSE,0.12168,,0.0335,,1,4/21/17,,,,
non_plot,BRDI3,2,1,,,FALSE,0.15217,,0.041,,1,4/21/17,62x12x12,,,
non_plot,BRDI3,2,2,,,FALSE,0.09376,,0.0226,,1,4/21/17,,,,
non_plot,BRDI3,2,3,,,FALSE,0.07821,,0.0177,,1,4/21/17,,,,
non_plot,BRDI3,3,1,,,FALSE,0.25901,,0.0716,,1,4/21/17,69x30x24,,,
non_plot,BRDI3,3,2,,,FALSE,0.21201,,0.052,,1,4/21/17,,,,
non_plot,BRDI3,3,3,,,FALSE,0.15428,,0.0354,,1,4/21/17,,,,
non_plot,BRDI3,4,1,,,FALSE,0.07241,,0.0197,,1,4/21/17,53x30x15,,,
non_plot,BRDI3,4,2,,,FALSE,0.16845,,0.0463,,1,4/21/17,,,,
non_plot,BRDI3,4,3,,,FALSE,0.08827,,0.0254,,1,4/21/17,,,,
non_plot,BRDI3,5,1,,,FALSE,0.18132,,0.0481,,1,4/21/17,68x36x15,,,
non_plot,BRDI3,5,2,,,FALSE,0.15184,,0.0422,,1,4/21/17,,,,
non_plot,BRDI3,5,3,,,FALSE,0.17562,,0.0424,,1,4/21/17,,,,
non_plot,BRDI3,6,1,,,FALSE,0.11151,,0.0366,,1,4/21/17,61x20x6,,,
non_plot,BRDI3,6,2,,,FALSE,0.06932,,0.0192,,1,4/21/17,,,,
non_plot,BRDI3,6,3,,,FALSE,0.18716,,0.0558,,1,4/21/17,,,,
non_plot,BRDI3,7,1,,,FALSE,0.15406,,0.0367,,1,4/21/17,73x38x15, scan all leaves in two parts,,
non_plot,BRDI3,7,2,,,FALSE,0.18555,,0.0576,,1,4/21/17,,,,
non_plot,BRDI3,7,3,,,FALSE,0.29512,,0.0784,,1,4/21/17,,,,
non_plot,BRDI3,8,1,,,FALSE,0.15021,,0.0445,,1,4/21/17,79x37x18,,,
non_plot,BRDI3,8,2,,,FALSE,0.23224,,0.0681,,1,4/21/17,,,,
non_plot,BRDI3,8,3,,,FALSE,0.14477,,0.0491,,1,4/21/17,,,,
non_plot,DICA14,1,1,,,FALSE,,,0.1639,,1,4/21/17,,,,
non_plot,DICA14,1,2,,,FALSE,,,0.058,,1,4/21/17,,,,
non_plot,DICA14,2,1,,,FALSE,,,0.1563,,1,4/21/17,,,,
non_plot,DICA14,3,1,,,FALSE,,,0.1438,,1,4/21/17,,,,
non_plot,ERMO7,1,1,,,FALSE,0.18082,,0.0408,,1,4/21/17,no petiole,,,
non_plot,ERMO7,1,2,,,FALSE,0.15422,,0.0365,,1,4/21/17,no petiole,,,
non_plot,ERMO7,1,3,,,FALSE,0.24309,,0.0598,,1,4/21/17,no petiole,,,
non_plot,ERMO7,2,1,,,FALSE,0.26788,,0.0643,,1,4/21/17,no petiole,,,
non_plot,ERMO7,2,2,,,FALSE,0.25373,,0.0672,,1,4/21/17,no petiole,,,
non_plot,ERMO7,2,3,,,FALSE,0.15553,,0.0414,,1,4/21/17,no petiole,,,
non_plot,ERMO7,3,1,,,FALSE,0.10023,,0.0203,,1,4/21/17,no petiole,,,
non_plot,ERMO7,3,2,,,FALSE,0.13491,,0.0279,,1,4/21/17,no petiole,,,
non_plot,ERMO7,3,3,,,FALSE,0.09776,,0.022,,1,4/21/17,no petiole,,,
non_plot,ERMO7,4,1,,,FALSE,0.15055,,0.0344,,1,4/21/17,no petiole,,,
non_plot,ERMO7,4,2,,,FALSE,0.10246,,0.0242,,1,4/21/17,no petiole,,,
non_plot,ERMO7,4,3,,,FALSE,0.04431,,0.0121,,1,4/21/17,no petiole,,,
non_plot,ERMO7,5,1,,,FALSE,0.14841,,0.0337,,1,4/21/17,no petiole,,,
non_plot,ERMO7,5,2,,,FALSE,0.06926,,0.0149,,1,4/21/17,no petiole,,,
non_plot,ERMO7,5,3,,,FALSE,0.11543,,0.0262,,1,4/21/17,no petiole,,,
non_plot,ERMO7,6,1,,,FALSE,0.19853,,0.0455,,1,4/21/17,no petiole,,,
non_plot,ERMO7,6,2,,,FALSE,0.09399,,0.0212,,1,4/21/17,no petiole,,,
non_plot,ERMO7,6,3,,,FALSE,0.08176,,0.0188,,1,4/21/17,no petiole,,,
non_plot,ERMO7,7,1,,,FALSE,0.06284,,0.015,,1,4/21/17,no petiole,,,
non_plot,ERMO7,8,1,,,FALSE,0.08289,,0.0225,,1,4/21/17,no petiole,,,
non_plot,LOST4,1,1,,,FALSE,0.0169,,0.0032,,3,4/21/17,"no petiole, 3 leaflets pooled in one scan and one weight ",,,
non_plot,LOST4,2,1,,,FALSE,0.01242,,0.0024,,3,4/21/17,"no petiole, 3 leaflets pooled in one scan and one weight ",,,
non_plot,LOST4,3,1,,,FALSE,0.01081,,0.0025,,3,4/21/17,"no petiole, 3 leaflets pooled in one scan and one weight ",,,
non_plot,LOST4,4,1,,,FALSE,0.01379,,0.0035,,3,4/21/17,"no petiole, 3 leaflets pooled in one scan and one weight ",,,
non_plot,LOST4,5,1,,,FALSE,0.02814,,0.0066,,9,4/21/17,"No petiole, 9 leaflets pooled in one scan and one weight",,,
non_plot,LOST4,6,1,,,FALSE,0.02238,,0.0046,,7,4/21/17,"No petiole, 7 leaflets pooled in one scan and one weight",,,
non_plot,LOST4,7,1,,,FALSE,0.04601,,0.01,,12,4/21/17,"No petiole, 12 leaflets pooled in one scan and one weight",,,
non_plot,LOST4,8,1,,,FALSE,0.02022,,0.0046,,8,4/21/17,"No petiole, 8 leaflets pooled in one scan and one weight",,,
non_plot,LUBI,1,1,,,FALSE,0.05577,,0.0099,,1,4/21/17,no petiole,,,
non_plot,LUBI,1,2,,,FALSE,0.04558,,0.009,,1,4/21/17,no petiole,,,
non_plot,LUBI,1,3,,,FALSE,0.07005,,0.0123,,1,4/21/17,no petiole,,,
non_plot,LUBI,2,1,,,FALSE,0.02725,,0.0059,,1,4/21/17,no petiole,,,
non_plot,LUBI,2,2,,,FALSE,0.03049,,0.0059,,1,4/21/17,no petiole,,,
non_plot,LUBI,2,3,,,FALSE,0.05565,,0.0106,,1,4/21/17,no petiole,,,
non_plot,LUBI,3,1,,,FALSE,0.07274,,0.0151,,1,4/21/17,no petiole,,,
non_plot,LUBI,3,2,,,FALSE,0.07299,,0.0147,,1,4/21/17,no petiole,,,
non_plot,LUBI,3,3,,,FALSE,0.03944,,0.0084,,1,4/21/17,no petiole,,,
non_plot,LUBI,4,1,,,FALSE,0.05033,,0.0098,,1,4/21/17,no petiole,,,
non_plot,LUBI,4,2,,,FALSE,0.0472,,0.0084,,1,4/21/17,no petiole,,,
non_plot,LUBI,4,3,,,FALSE,0.02218,,0.0045,,1,4/21/17,no petiole,,,
non_plot,LUBI,5,1,,,FALSE,0.04921,,0.0099,,1,4/21/17,no petiole,,,
non_plot,LUBI,5,2,,,FALSE,0.04671,,0.0106,,1,4/21/17,no petiole,,,
non_plot,LUBI,5,3,,,FALSE,0.02952,,0.0064,,1,4/21/17,no petiole,,,
non_plot,LUBI,6,1,,,FALSE,0.07527,,0.0139,,1,4/21/17,no petiole,,,
non_plot,LUBI,6,2,,,FALSE,0.0458,,0.009,,1,4/21/17,no petiole,,,
non_plot,LUBI,6,3,,,FALSE,0.06126,,0.0114,,1,4/21/17,no petiole,,,
non_plot,TRAL5,1,1,,,FALSE,0.03655,,0.0091,,1,4/21/17,8x26x25,,,
non_plot,TRAL5,1,2,,,FALSE,0.03467,,0.0095,,1,4/21/17,,,,
non_plot,TRAL5,1,3,,,FALSE,0.05494,,0.0149,,1,4/21/17,,,,
non_plot,TRAL5,2,1,,,FALSE,0.00783,,0.0024,,1,4/21/17,15x8x5,,,
non_plot,TRAL5,2,2,,,FALSE,0.03081,,0.0084,,1,4/21/17,,,,
non_plot,TRAL5,2,3,,,FALSE,0.01467,,0.0044,,1,4/21/17,,,,
non_plot,TRAL5,3,1,,,FALSE,0.02147,,0.0062,,1,4/21/17,18x2x2,,,
non_plot,TRAL5,3,2,,,FALSE,0.02128,,0.0062,,1,4/21/17,,,,
non_plot,TRAL5,4,1,,,FALSE,0.02324,,0.0064,,1,4/21/17,29x23x9,,,
non_plot,TRAL5,4,2,,,FALSE,0.07625,,0.0209,,1,4/21/17,,,,
non_plot,TRAL5,4,3,,,FALSE,0.06617,,0.017,,1,4/21/17,,,,
non_plot,TRAL5,5,1,,,FALSE,0.04823,,0.0137,,1,4/21/17,23x3x7,,,
non_plot,TRAL5,5,2,,,FALSE,0.01336,,0.0043,,1,4/21/17,,,,
non_plot,TRAL5,5,3,,,FALSE,0.04598,,0.0126,,1,4/21/17,,,,
non_plot,TRAL5,6,1,,,FALSE,0.00618,,0.0018,,1,4/21/17,22x3x2,,,
non_plot,TRAL5,6,2,,,FALSE,0.01802,,0.0048,,1,4/21/17,,,,
non_plot,TRAL5,6,3,,,FALSE,0.01873,,0.0058,,1,4/21/17,,,,
non_plot,TRAL5,7,1,,,FALSE,0.01025,,0.0024,,1,4/21/17,23x3x3,,,
non_plot,TRAL5,7,2,,,FALSE,0.01509,,0.0038,,1,4/21/17,,,,
non_plot,TRAL5,7,3,,,FALSE,0.06473,,0.0162,,1,4/21/17,,,,
non_plot,TRAL5,8,1,,,FALSE,0.02649,,0.0075,,1,4/21/17,11x17x14,,,
non_plot,TRAL5,8,2,,,FALSE,0.02771,,0.008,,1,4/21/17,,,,
non_plot,TRAL5,8,3,,,FALSE,0.02948,,0.0085,,1,4/21/17,,,,
non_plot,BOIN3,1,1,,,FALSE,0.04187,,0.0056,,1,4/22/17,NAx46x9, no petiole,,
non_plot,BOIN3,1,2,,,FALSE,0.03053,,0.0047,,1,4/22/17,no petiole,,,
non_plot,BOIN3,1,3,,,FALSE,0.04706,,0.0068,,1,4/22/17,no petiole,,,
non_plot,BOIN3,2,1,,,FALSE,0.01433,,0.0026,,1,4/22/17,NAx49x11, no petiole,,
non_plot,BOIN3,2,2,,,FALSE,0.01738,,0.003,,1,4/22/17,no petiole,,,
non_plot,BOIN3,2,3,,,FALSE,0.02136,,0.0036,,1,4/22/17,no petiole,,,
non_plot,BOIN3,3,1,,,FALSE,0.0429,,0.0064,,1,4/22/17,NAx53x51, no petiole,,
non_plot,BOIN3,3,2,,,FALSE,0.02255,,0.0032,,1,4/22/17,no petiole,,,
non_plot,BOIN3,3,3,,,FALSE,0.03268,,0.0048,,1,4/22/17,no petiole,,,
non_plot,BOIN3,4,1,,,FALSE,0.02021,,0.003,,1,4/22/17,NAx50x26, no petiole,,
non_plot,BOIN3,4,2,,,FALSE,0.01598,,0.0028,,1,4/22/17,no petiole,,,
non_plot,BOIN3,4,3,,,FALSE,0.02044,,0.0031,,1,4/22/17,no petiole,,,
non_plot,BOIN3,5,1,,,FALSE,0.02788,,0.00461,,1,4/22/17,NAx54x30, no petiole,,
non_plot,BOIN3,5,2,,,FALSE,0.02429,,0.00404,,1,4/22/17,no petiole,,,
non_plot,BOIN3,5,3,,,FALSE,0.02678,,0.00464,,1,4/22/17,no petiole,,,
non_plot,BOIN3,6,1,,,FALSE,0.05008,,0.00766,,1,4/22/17,NAx40x32, no petiole,,
non_plot,BOIN3,6,2,,,FALSE,0.06724,,0.00956,,1,4/22/17,no petiole,,,
non_plot,BOIN3,6,3,,,FALSE,0.01739,,0.00334,,1,4/22/17,no petiole,,,
non_plot,BOIN3,7,1,,,FALSE,0.04567,,0.00574,,1,4/22/17,NAx62x23, no petiole,,
non_plot,BOIN3,7,2,,,FALSE,0.04314,,0.0055,,1,4/22/17,no petiole,,,
non_plot,BOIN3,7,3,,,FALSE,0.05092,,0.00654,,1,4/22/17,no petiole,,,
non_plot,BOIN3,8,1,,,FALSE,0.04593,,0.00629,,1,4/22/17,NAx66x19, no petiole,,
non_plot,BOIN3,8,2,,,FALSE,0.03301,,0.00447,,1,4/22/17,no petiole,,,
non_plot,BOIN3,8,3,,,FALSE,0.05531,,0.00765,,1,4/22/17,no petiole,,,
non_plot,GAAP2,1,1,,,FALSE,0.04121,,0.0053,,3,4/22/17,NAx71x34,,,
non_plot,GAAP2,1,2,,,FALSE,0.01636,,0.0022,,3,4/22/17,,,,
non_plot,GAAP2,1,3,,,FALSE,0.02277,,0.0029,,3,4/22/17,,,,
non_plot,GAAP2,2,1,,,FALSE,0.05021,,0.0074,,3,4/22/17,taking samples from only one healthy section of the plant.  Dimensions are for that branch. NAx69x12,,,
non_plot,GAAP2,2,2,,,FALSE,0.03907,,0.0063,,3,4/22/17,taking samples from only one healthy section of the plant.  Dimensions are for that branch. ,,,
non_plot,GAAP2,2,3,,,FALSE,0.02342,,0.0038,,3,4/22/17,taking samples from only one healthy section of the plant.  Dimensions are for that branch. ,,,
non_plot,GAAP2,3,1,,,FALSE,0.02942,,0.0039,,3,4/22/17,taking samples from only one healthy section of the plant.  Dimensions are for that branch. NAx43x7,,,
non_plot,GAAP2,3,2,,,FALSE,0.03395,,0.0053,,3,4/22/17,taking samples from only one healthy section of the plant.  Dimensions are for that branch. ,,,
non_plot,GAAP2,3,3,,,FALSE,0.02326,,0.0035,,3,4/22/17,taking samples from only one healthy section of the plant.  Dimensions are for that branch. ,,,
non_plot,GAAP2,4,1,,,FALSE,0.02914,,0.0049,,3,4/22/17,taking samples from only one healthy section of the plant.  Dimensions are for that branch. NAx39x8,,,
non_plot,GAAP2,4,2,,,FALSE,0.02085,,0.0036,,3,4/22/17,taking samples from only one healthy section of the plant.  Dimensions are for that branch. ,,,
non_plot,GAAP2,4,3,,,FALSE,0.00938,,0.0018,,3,4/22/17,taking samples from only one healthy section of the plant.  Dimensions are for that branch. ,,,
non_plot,GAAP2,5,1,,,FALSE,0.02331,,0.0036,,3,4/22/17,taking samples from only one healthy section of the plant.  Dimensions are for that branch. NAx23x5,,,
non_plot,GAAP2,5,2,,,FALSE,0.02023,,0.0026,,3,4/22/17,taking samples from only one healthy section of the plant.  Dimensions are for that branch. ,,,
non_plot,GAAP2,5,3,,,FALSE,0.01387,,0.0022,,3,4/22/17,taking samples from only one healthy section of the plant.  Dimensions are for that branch. ,,,
non_plot,GAAP2,6,1,,,FALSE,0.03453,,0.0057,,3,4/22/17,taking samples from only one healthy section of the plant.  Dimensions are for that branch. NAx21x5,,,
non_plot,GAAP2,6,2,,,FALSE,0.03612,,0.0057,,3,4/22/17,taking samples from only one healthy section of the plant.  Dimensions are for that branch. ,,,
non_plot,GAAP2,6,3,,,FALSE,0.01673,,0.003,,3,4/22/17,taking samples from only one healthy section of the plant.  Dimensions are for that branch. ,,,
non_plot,GAAP2,8,1,,,FALSE,0.01705,,0.003,,3,4/22/17,taking samples from only one healthy section of the plant.  Dimensions are for that branch. NAx18x5, plant a bit wilted,,
non_plot,GAAP2,8,2,,,FALSE,0.01208,,0.0023,,3,4/22/17,taking samples from only one healthy section of the plant.  Dimensions are for that branch. ,,,
non_plot,GAAP2,8,3,,,FALSE,0.00627,,0.001,,3,4/22/17,taking samples from only one healthy section of the plant.  Dimensions are for that branch. ,,,
non_plot,TOAR,1,1,,,FALSE,0.14691,,0.0399,,1,4/22/17,"45x23x8; no petiole, leaf weight and scans include some compound leaflets",,,
non_plot,TOAR,1,2,,,FALSE,0.06383,,0.0179,,1,4/22/17,"no petiole, leaf weight and scans include some compound leaflets",,,
non_plot,TOAR,1,3,,,FALSE,0.04211,,0.0116,,1,4/22/17,"no petiole, leaf weight and scans include some compound leaflets",,,
non_plot,TOAR,2,1,,,FALSE,0.15655,,0.0384,,1,4/22/17,"46x21x11; no petiole, leaf weight and scans include some compound leaflets",,,
non_plot,TOAR,2,2,,,FALSE,0.07123,,0.0189,,1,4/22/17,"no petiole, leaf weight and scans include some compound leaflets",,,
non_plot,TOAR,2,3,,,FALSE,0.1151,,0.0314,,1,4/22/17,"no petiole, leaf weight and scans include some compound leaflets",,,
non_plot,TOAR,3,1,,,FALSE,0.25502,,0.0655,,1,4/22/17,"44x34x30; no petiole, leaf weight and scans include some compound leaflets",,,
non_plot,TOAR,3,2,,,FALSE,0.15757,,0.0448,,1,4/22/17,"no petiole, leaf weight and scans include some compound leaflets",,,
non_plot,TOAR,3,3,,,FALSE,0.35368,,0.0957,,1,4/22/17,"no petiole, leaf weight and scans include some compound leaflets",,,
non_plot,TOAR,4,1,,,FALSE,0.18126,,0.0389,,1,4/22/17,"48x28x7; no petiole, no leaflet compounds",,,
non_plot,TOAR,4,2,,,FALSE,0.07855,,0.0242,,1,4/22/17,"no petiole, no leaflet compounds",,,
non_plot,TOAR,4,3,,,FALSE,0.11995,,0.0347,,1,4/22/17,"no petiole, no leaflet compounds",,,
non_plot,TOAR,5,1,,,FALSE,0.22933,,0.0518,,1,4/22/17,"41x30x20;no petiole, no leaflet compounds",,,
non_plot,TOAR,5,2,,,FALSE,0.20377,,0.0449,,1,4/22/17,"no petiole, no leaflet compounds",,,
non_plot,TOAR,5,3,,,FALSE,0.11744,,0.0287,,1,4/22/17,"no petiole, no leaflet compounds",,,
non_plot,TOAR,6,1,,,FALSE,0.14188,,0.0343,,1,4/22/17,"46x24x14; no petiole, no leaflet compounds",,,
non_plot,TOAR,6,2,,,FALSE,0.16871,,0.0404,,1,4/22/17,"no petiole, no leaflet compounds",,,
non_plot,TOAR,6,3,,,FALSE,0.09965,,0.0264,,1,4/22/17,"no petiole, no leaflet compounds",,,
non_plot,TOAR,7,1,,,FALSE,0.20614,,0.0539,,1,4/22/17,"62x32x25; no petiole, no leaflet compounds",,,
non_plot,TOAR,7,2,,,FALSE,0.27891,,0.0748,,1,4/22/17,"no petiole, no leaflet compounds",,,
non_plot,TOAR,7,3,,,FALSE,0.13102,,0.0356,,1,4/22/17,"no petiole, no leaflet compounds",,,
non_plot,TOAR,8,1,,,FALSE,0.13072,,0.0339,,1,4/22/17,"62x35x12; no petiole, no leaflet compounds",,,
non_plot,TOAR,8,2,,,FALSE,0.07857,,0.0207,,1,4/22/17,"no petiole, no leaflet compounds",,,
non_plot,TOAR,8,3,,,FALSE,0.18476,,0.0491,,1,4/22/17,"no petiole, no leaflet compounds",,,
non_plot,AVFA,1,1,14,1,FALSE,0.12854,,0.0307,,1,5/10/17,,58,8,8
non_plot,AVFA,1,2,15,1,FALSE,0.14693,,0.0404,,1,5/10/17,,,,
non_plot,AVFA,1,3,15,1,FALSE,0.16406,,0.0477,,1,5/10/17,,,,
non_plot,AVFA,2,1,11,1,FALSE,0.09053,,0.0179,,1,5/10/17,,50,7,7
non_plot,AVFA,2,2,15,1,FALSE,0.21475,,0.0512,,1,5/10/17,,,,
non_plot,AVFA,2,3,13,1,FALSE,0.18192,,0.0421,,1,5/10/17,,,,
non_plot,AVFA,3,1,14,1,FALSE,0.12886,,0.0315,,1,5/10/17,,69,26,13
non_plot,AVFA,3,2,18,1.2,FALSE,0.24507,,0.0676,,1,5/10/17,,,,
non_plot,AVFA,3,3,15,1,FALSE,0.14542,,0.0361,,1,5/10/17,,,,
non_plot,AVFA,4,1,20,1.5,FALSE,0.28262,,0.0638,,1,5/10/17,,66,21,17
non_plot,AVFA,4,2,16,2.5,FALSE,0.20041,,0.0456,,1,5/10/17,,,,
non_plot,AVFA,4,3,24,1.5,FALSE,0.41683,,0.0968,,1,5/10/17,,,,
non_plot,AVFA,5,1,15,1,FALSE,0.16028,,0.0404,,1,5/10/17,,50,19,15
non_plot,AVFA,5,2,20,1,FALSE,0.19825,,0.0528,,1,5/10/17,,,,
non_plot,AVFA,5,3,14,1,FALSE,0.1209,,0.0319,,1,5/10/17,,,,
non_plot,AVFA,6,1,17,1,FALSE,0.18532,,0.0437,,1,5/10/17,,52,13,20
non_plot,AVFA,6,2,15,1,FALSE,0.15071,,0.0359,,1,5/10/17,,,,
non_plot,AVFA,6,3,17,1,FALSE,0.18116,,0.0427,,1,5/10/17,,,,
non_plot,AVFA,7,1,16,1,FALSE,0.17757,,0.0384,,1,5/10/17,,70,25,17
non_plot,AVFA,7,2,17,1,FALSE,0.2663,,0.0693,,1,5/10/17,,,,
non_plot,AVFA,7,3,13,1,FALSE,0.12792,,0.0262,,1,5/10/17,,,,
non_plot,AVFA,8,1,13,1,FALSE,0.11586,,0.0287,,1,5/10/17,,59,20,13
non_plot,AVFA,8,2,11,1,FALSE,0.08277,,0.0197,,1,5/10/17,,,,
non_plot,AVFA,8,3,18,1.5,FALSE,0.36991,,0.092,,1,5/10/17,,,,
non_plot,LASE,1,1,11,2,FALSE,0.2525,,0.0361,,1,5/10/17,,20,13,2
non_plot,LASE,1,2,12,2,FALSE,0.33919,,0.0455,,1,5/10/17,,,,
non_plot,LASE,1,3,10,2.5,FALSE,0.33911,,0.0444,,1,5/10/17,,,,
non_plot,LASE,2,1,10,2,FALSE,0.19451,,0.0325,,1,5/10/17,,27,16,12
non_plot,LASE,2,2,11.4,2.6,FALSE,0.31041,,0.0507,,1,5/10/17,,,,
non_plot,LASE,2,3,11.5,4.5,FALSE,0.4886,,0.0705,,1,5/10/17,,,,
non_plot,LASE,3,1,12,4,FALSE,0.65016,,0.0869,,1,5/10/17,,23,22,5
non_plot,LASE,3,2,11,4.3,FALSE,0.63336,,0.0779,,1,5/10/17,,,,
non_plot,LASE,3,3,9,4,FALSE,0.41,,0.0495,,1,5/10/17,,,,
non_plot,LASE,4,1,12,3,FALSE,0.37328,,0.0535,,1,5/10/17,,25,23,15
non_plot,LASE,4,2,12,4.5,FALSE,0.62959,,0.0899,,1,5/10/17,,,,
non_plot,LASE,4,3,12,4,FALSE,0.56232,,0.0776,,1,5/10/17,,,,
non_plot,LASE,5,1,8.5,2.1,FALSE,0.28351,,0.0436,,1,5/10/17,,23,22,4
non_plot,LASE,5,2,8,2,FALSE,0.28933,,0.0427,,1,5/10/17,,,,
non_plot,LASE,5,3,9.1,2.2,FALSE,0.34009,,0.0463,,1,5/10/17,,,,
non_plot,LASE,6,1,12,2.5,FALSE,0.30315,,0.0484,,1,5/10/17,,20,17,11
non_plot,LASE,6,2,13,4,FALSE,0.47805,,0.0782,,1,5/10/17,,,,
non_plot,LASE,6,3,11,4,FALSE,0.51852,,0.0782,,1,5/10/17,,,,
non_plot,LASE,7,1,8,1.5,FALSE,0.12407,,0.0201,,1,5/10/17,,14,10,4
non_plot,LASE,7,2,9,2,FALSE,0.20081,,0.0245,,1,5/10/17,,,,
non_plot,LASE,7,3,8,2.5,FALSE,0.24869,,0.033,,1,5/10/17,,,,
non_plot,LASE,8,1,8,2.2,FALSE,0.2846,,0.0381,,1,5/10/17,,18,17,8
non_plot,LASE,8,2,9.8,2,FALSE,0.3344,,0.0485,,1,5/10/17,,,,
non_plot,LOPE,1,1,7,0.5,FALSE,0.04818,,0.0133,,1,5/10/17,,30,25,25
non_plot,LOPE,1,2,6,0.5,FALSE,0.04197,,0.0114,,1,5/10/17,,,,
non_plot,LOPE,1,3,7,0.5,FALSE,0.04963,,0.0135,,1,5/10/17,,,,
non_plot,LOPE,2,1,10.5,0.3,FALSE,0.04439,,0.0108,,1,5/10/17,,22,19,16
non_plot,LOPE,2,2,8.4,0.4,FALSE,0.05541,,0.0144,,1,5/10/17,,,,
non_plot,LOPE,2,3,7.4,0.4,FALSE,0.04182,,0.0103,,1,5/10/17,,,,
non_plot,LOPE,3,1,7,0.6,FALSE,0.04903,,0.015,,1,5/10/17,,25,20,9
non_plot,LOPE,3,2,7,0.7,FALSE,0.06352,,0.0178,,1,5/10/17,,,,
non_plot,LOPE,3,3,6,0.5,FALSE,0.03944,,0.0101,,1,5/10/17,,,,
non_plot,LOPE,4,1,6.5,0.5,FALSE,0.041,,0.0112,,1,5/10/17,,25,22,13
non_plot,LOPE,4,2,7,0.5,FALSE,0.03616,,0.0109,,1,5/10/17,,,,
non_plot,LOPE,4,3,8,0.5,FALSE,0.04055,,0.0107,,1,5/10/17,,,,
non_plot,LOPE,5,1,8,0.7,FALSE,0.07736,,0.0263,,1,5/10/17,senescing,52,27,24
non_plot,LOPE,5,2,6.5,0.5,FALSE,0.03177,,0.0106,,1,5/10/17,,,,
non_plot,LOPE,5,3,7.5,0.5,FALSE,0.0386,,0.0142,,1,5/10/17,,,,
non_plot,LOPE,6,1,12,0.5,FALSE,0.10325,,0.0262,,1,5/10/17,,33,14,19
non_plot,LOPE,6,2,7.5,0.5,FALSE,0.04324,,0.0122,,1,5/10/17,,,,
non_plot,LOPE,6,3,7,0.5,FALSE,0.06317,,0.0209,,1,5/10/17,,,,
non_plot,LOPE,7,1,6,0.5,FALSE,0.04232,,0.0096,,1,5/10/17,,33,19,23
non_plot,LOPE,7,2,6.5,0.5,FALSE,0.03207,,0.0073,,1,5/10/17,,,,
non_plot,LOPE,7,3,10,0.5,FALSE,0.07338,,0.0188,,1,5/10/17,,,,
non_plot,LOPE,8,1,8.5,0.5,FALSE,0.0319,,0.0077,,1,5/10/17,,38,10,8
non_plot,LOPE,8,2,13,0.5,FALSE,0.07663,,0.0193,,1,5/10/17,,,,
non_plot,LOPE,8,3,5.5,0.5,FALSE,0.01929,,0.0045,,1,5/10/17,,,,
non_plot,CAPY2,1,1,11,6,FALSE,0.4881,,0.0567,,1,5/11/17,,46,16,14
non_plot,CAPY2,1,2,6,5,FALSE,0.29219,,0.0422,,1,5/11/17,,,,
non_plot,CAPY2,1,3,8,6,FALSE,0.39499,,0.0557,,1,5/11/17,,,,
non_plot,CAPY2,2,1,10,7,FALSE,0.83688,,0.1131,,1,5/11/17,,67,20,22
non_plot,CAPY2,2,2,9,6,FALSE,0.50083,,0.0776,,1,5/11/17,,,,
non_plot,CAPY2,2,3,7,5,FALSE,0.34855,,0.0577,,1,5/11/17,,,,
non_plot,CAPY2,3,1,12,7,FALSE,1.01212,,0.1261,,1,5/11/17,,87,30,19
non_plot,CAPY2,3,2,13,7,FALSE,1.15932,,0.1495,,1,5/11/17,,,,
non_plot,CAPY2,3,3,6,4,FALSE,0.2732,,0.0437,,1,5/11/17,,,,
non_plot,CAPY2,4,1,11,7,FALSE,0.67873,,0.0792,,1,5/11/17,,61,24,14
non_plot,CAPY2,4,2,10,6,FALSE,0.51458,,0.0657,,1,5/11/17,,,,
non_plot,CAPY2,4,3,9,6,FALSE,0.43677,,0.0587,,1,5/11/17,,,,
non_plot,CAPY2,5,1,11,6,FALSE,0.667,,0.0824,,1,5/11/17,,61,23,12
non_plot,CAPY2,5,2,10,6,FALSE,0.51901,,0.0673,,1,5/11/17,,,,
non_plot,CAPY2,5,3,7,4,FALSE,0.26531,,0.0397,,1,5/11/17,,,,
non_plot,CAPY2,6,1,11,7,FALSE,0.72318,,0.087,,1,5/11/17,,65,24,18
non_plot,CAPY2,6,2,9,6,FALSE,0.47839,,0.0637,,1,5/11/17,,,,
non_plot,CAPY2,6,3,6,4,FALSE,0.21849,,0.034,,1,5/11/17,,,,
non_plot,CAPY2,7,1,11,6,FALSE,0.77951,,0.0886,,1,5/11/17,,56,20,18
non_plot,CAPY2,7,2,12,7,FALSE,0.9483,,0.1158,,1,5/11/17,,,,
non_plot,CAPY2,7,3,10,5,FALSE,0.63474,,0.0816,,1,5/11/17,,,,
non_plot,CAPY2,8,1,14,8,FALSE,1.37773,,0.2,,1,5/11/17,,94,20,23
non_plot,CAPY2,8,2,12,8,FALSE,1.17208,,0.1819,,1,5/11/17,,,,
non_plot,CAPY2,8,3,10,6,FALSE,0.72319,,0.1269,,1,5/11/17,,,,
non_plot,CAPY2,9,1,12,7,FALSE,1.1741,,0.1623,,1,5/11/17,,58,19,20
non_plot,CAPY2,9,2,12,6,FALSE,0.7918,,0.1191,,1,5/11/17,,,,
non_plot,STPU2,1,1,31,0.3,FALSE,0.1745,,0.0771,,1,5/11/17,,81,19,16
non_plot,STPU2,1,2,25,0.4,FALSE,0.11877,,0.0538,,1,5/11/17,,,,
non_plot,STPU2,1,3,14,0.3,FALSE,0.05605,,0.0273,,1,5/11/17,,,,
non_plot,STPU2,2,1,23,0.5,FALSE,0.15977,,0.069,,1,5/11/17,,87,21,15
non_plot,STPU2,2,2,11,0.5,FALSE,0.09127,,0.0425,,1,5/11/17,,,,
non_plot,STPU2,2,3,19,0.5,FALSE,0.09846,,0.0476,,1,5/11/17,,,,
non_plot,STPU2,3,1,19,0.5,FALSE,0.09773,,0.0416,,1,5/11/17,,89,24,21
non_plot,STPU2,3,2,17,0.4,FALSE,0.06248,,0.0283,,1,5/11/17,,,,
non_plot,STPU2,3,3,21,0.5,FALSE,0.13599,,0.0556,,1,5/11/17,,,,
non_plot,STPU2,4,1,17,0.7,FALSE,0.08003,,0.0417,,1,5/11/17,,71,26,17
non_plot,STPU2,4,2,11,0.4,FALSE,0.08344,,0.0398,,1,5/11/17,,,,
non_plot,STPU2,4,3,14,0.4,FALSE,0.06128,,0.0285,,1,5/11/17,,,,
non_plot,STPU2,5,1,13,0.5,FALSE,0.05834,,0.03,,1,5/11/17,,49,16,11
non_plot,STPU2,5,2,23,0.5,FALSE,0.13448,,0.0587,,1,5/11/17,,,,
non_plot,STPU2,5,3,18,0.6,FALSE,0.13649,,0.0647,,1,5/11/17,,,,
non_plot,STPU2,6,1,25,0.4,FALSE,0.11895,,0.058,,1,5/11/17,split full plant in half ,83,40,22
non_plot,STPU2,6,2,32,0.4,FALSE,0.19112,,0.0858,,1,5/11/17,,,,
non_plot,STPU2,6,3,34,0.4,FALSE,0.12794,,0.0514,,1,5/11/17,,,,
non_plot,STPU2,7,1,26,0.5,FALSE,0.14292,,0.0655,,1,5/11/17,,93,22,21
non_plot,STPU2,7,2,27,0.4,FALSE,0.13321,,0.0622,,1,5/11/17,,,,
non_plot,STPU2,7,3,30,0.4,FALSE,0.19771,,0.086,,1,5/11/17,,,,
non_plot,STPU2,8,1,39,0.4,FALSE,0.22525,,0.1024,,1,5/11/17,,85,10,34
non_plot,STPU2,8,2,14,0.3,FALSE,0.05705,,0.0193,,1,5/11/17,,,,
non_plot,STPU2,8,3,27,0.3,FALSE,0.08534,,0.0379,,1,5/11/17,,,,
non_plot,CACO35,1,1,2,1.4,FALSE,0.0776,,0.0133,,1,5/12/17,Calculate leaf area from total leaf weight and SLA,5,18,16
non_plot,CACO35,1,2,2.1,2.4,FALSE,0.07429,,0.0147,,1,5/12/17,,,,
non_plot,CACO35,1,3,2.2,2.2,FALSE,0.08536,,0.0149,,1,5/12/17,,,,
non_plot,CACO35,2,1,2.5,2.2,FALSE,0.09808,,0.019,,1,5/12/17,Calculate leaf area from total leaf weight and SLA,7,20,19
non_plot,CACO35,2,2,2.4,2.5,FALSE,0.07869,,0.0168,,1,5/12/17,,,,
non_plot,CACO35,2,3,2.8,1.8,FALSE,0.06099,,0.013,,1,5/12/17,,,,
non_plot,CACO35,3,1,1.2,2,FALSE,0.05446,,0.0092,,1,5/12/17,Calculate leaf area from total leaf weight and SLA,6,10,14
non_plot,CACO35,3,2,2,1.7,FALSE,0.05184,,0.0105,,1,5/12/17,,,,
non_plot,CACO35,3,3,1.6,1.7,FALSE,0.03719,,0.0094,,1,5/12/17,,,,
non_plot,CACO35,4,1,1.7,1.5,FALSE,0.03582,,0.0091,,1,5/12/17,Calculate leaf area from total leaf weight and SLA,5,12,12
non_plot,CACO35,4,2,2,1.8,FALSE,0.04603,,0.0094,,1,5/12/17,,,,
non_plot,CACO35,4,3,1.6,1.7,FALSE,0.03643,,0.0079,,1,5/12/17,,,,
non_plot,CACO35,5,1,2,1.6,FALSE,0.05079,,0.0118,,1,5/12/17,scanned all leaves on this plant,5,12,12
non_plot,CACO35,5,2,2,1.8,FALSE,0.04465,,0.01,,1,5/12/17,,,,
non_plot,CACO35,5,3,2.2,1.8,FALSE,0.05078,,0.0118,,1,5/12/17,,,,
non_plot,CACO35,6,1,2.2,2,FALSE,0.05919,,0.015,,1,5/12/17,scanned all leaves on this plant,9,16,13
non_plot,CACO35,6,2,2,1.7,FALSE,0.04113,,0.0132,,1,5/12/17,,,,
non_plot,CACO35,6,3,2,2.1,FALSE,0.05232,,0.015,,1,5/12/17,,,,
non_plot,CACO35,7,1,2.4,1.7,FALSE,0.06156,,0.0156,,1,5/12/17,scanned all leaves on this plant,11,19,8
non_plot,CACO35,7,2,2,1.7,FALSE,0.04245,,0.0107,,1,5/12/17,,,,
non_plot,CACO35,7,3,1.7,2.2,FALSE,0.05027,,0.0129,,1,5/12/17,,,,
non_plot,CACO35,8,1,1.8,1.2,FALSE,0.03161,,0.0077,,1,5/12/17,scanned all leaves on this plant,6,11,11
non_plot,CACO35,8,2,1.5,1.6,FALSE,0.03361,,0.0085,,1,5/12/17,,,,
non_plot,CACO35,8,3,2,1.4,FALSE,0.04032,,0.01,,1,5/12/17,,,,
non_plot,CHPO3,1,1,28,1.2,FALSE,1.05035,,0.2212,,1,5/12/17,attached to root,28,44,27
non_plot,CHPO3,1,2,20,1.6,FALSE,1.02384,,0.2016,,1,5/12/17,,,,
non_plot,CHPO3,1,3,23,1.5,FALSE,1.07704,,0.2047,,1,5/12/17,,,,
non_plot,CHPO3,2,1,31,1.5,FALSE,1.2959,,0.2617,,1,5/12/17,attached to root,40,30,9
non_plot,CHPO3,2,2,16,1.5,FALSE,0.92006,,0.1663,,1,5/12/17,,,,
non_plot,CHPO3,2,3,16,1.5,FALSE,1.01925,,0.1611,,1,5/12/17,,,,
non_plot,CHPO3,3,1,20,1.3,FALSE,0.73267,,0.1518,,1,5/12/17,,25,22,10
non_plot,CHPO3,3,2,26,1.4,FALSE,0.82543,,0.1876,,1,5/12/17,,,,
non_plot,CHPO3,3,3,27,1.1,FALSE,0.57234,,0.128,,1,5/12/17,,,,
non_plot,CHPO3,4,1,25,1.6,FALSE,0.91299,,0.1736,,1,5/12/17,,24,24,27
non_plot,CHPO3,4,2,31,1.7,FALSE,1.3664,,0.1575,,1,5/12/17,,,,
non_plot,CHPO3,4,3,29,1.9,FALSE,1.44417,,0.1194,,1,5/12/17,,,,
non_plot,CHPO3,5,1,28,1.8,FALSE,0.9407,,0.1849,,1,5/12/17,,29,8,30
non_plot,CHPO3,5,2,26,1.1,FALSE,0.78049,,0.1602,,1,5/12/17,,,,
non_plot,CHPO3,5,3,28,1.3,FALSE,0.91535,,0.1908,,1,5/12/17,,,,
non_plot,CHPO3,6,1,24,1.4,FALSE,0.65335,,0.1075,,1,5/12/17,,24,50,73
non_plot,CHPO3,6,2,35,1.3,FALSE,1.02388,,0.2086,,1,5/12/17,,,,
non_plot,CHPO3,6,3,34,1.6,FALSE,1.36291,,0.2523,,1,5/12/17,,,,
non_plot,CHPO3,7,1,32,1.2,FALSE,0.85999,,0.1841,,1,5/12/17,,31,23,16
non_plot,CHPO3,7,2,33,1.3,FALSE,1.15604,,0.2467,,1,5/12/17,,,,
non_plot,CHPO3,7,3,35,1,FALSE,0.74729,,0.1567,,1,5/12/17,,,,
non_plot,CHPO3,8,1,36,1.5,FALSE,1.58707,,0.2854,,1,5/12/17,attached to root with flower,62,40,30
non_plot,CHPO3,8,2,33,1.6,FALSE,1.4535,,0.2842,,1,5/12/17,,,,
non_plot,CHPO3,8,3,36,1.5,FALSE,1.68858,,0.3327,,1,5/12/17,,,,
non_plot,CRSE11,1,1,3,2,FALSE,0.09007,,0.0327,,1,5/12/17,,2,9,9
non_plot,CRSE11,1,2,3.5,2,FALSE,0.0937,,0.0354,,1,5/12/17,,,,
non_plot,CRSE11,1,3,3,1.5,FALSE,0.07102,,0.0251,,1,5/12/17,,,,
non_plot,CRSE11,2,1,2.5,1.5,FALSE,0.05696,,0.0193,,1,5/12/17,,2,5,5
non_plot,CRSE11,2,2,2.1,1.8,FALSE,0.07065,,0.0178,,1,5/12/17,,,,
non_plot,CRSE11,2,3,2,1.5,FALSE,0.04988,,0.0107,,1,5/12/17,,,,
non_plot,CRSE11,3,1,4,2.8,FALSE,0.17684,,0.0591,,1,5/12/17,,5,14,12
non_plot,CRSE11,3,2,4.3,3,FALSE,0.20997,,0.0696,,1,5/12/17,,,,
non_plot,CRSE11,3,3,2,1.5,FALSE,0.04415,,0.0144,,1,5/12/17,,,,
non_plot,CRSE11,4,1,3.8,2.5,FALSE,0.12905,,0.0504,,1,5/12/17,,5,12,11
non_plot,CRSE11,4,2,3.5,2.2,FALSE,0.12855,,0.0445,,1,5/12/17,,,,
non_plot,CRSE11,4,3,3,2.5,FALSE,0.1094,,0.0397,,1,5/12/17,,,,
non_plot,CRSE11,5,1,2.5,1.8,FALSE,0.05911,,0.017,,1,5/12/17,,2,6,5
non_plot,CRSE11,5,2,1.5,1,FALSE,0.02438,,0.0068,,1,5/12/17,,,,
non_plot,CRSE11,5,3,2.2,1.5,FALSE,0.03801,,0.0108,,1,5/12/17,,,,
non_plot,CRSE11,6,1,2.5,2,FALSE,0.06928,,0.0225,,1,5/12/17,,2,8,7
non_plot,CRSE11,6,2,2,1.6,FALSE,0.04589,,0.0157,,1,5/12/17,,,,
non_plot,CRSE11,6,3,2.8,2,FALSE,0.0829,,0.0285,,1,5/12/17,,,,
non_plot,CRSE11,7,1,2.5,1.6,FALSE,0.05761,,0.0177,,1,5/12/17,,6,6,6
non_plot,CRSE11,7,2,3,1.5,FALSE,0.04106,,0.0124,,1,5/12/17,,,,
non_plot,CRSE11,7,3,1.5,1,FALSE,0.02783,,0.0071,,1,5/12/17,,,,
non_plot,CRSE11,8,1,2.2,1.5,FALSE,0.03795,,0.0143,,1,5/12/17,,3,7,7
non_plot,CRSE11,8,2,2.5,1.7,FALSE,0.05405,,0.019,,1,5/12/17,,,,
non_plot,CRSE11,8,3,2.5,1.4,FALSE,0.04713,,0.017,,1,5/12/17,,,,
non_plot,LARA,1,1,7,1.9,FALSE,0.10371,,0.0221,,1,5/12/17,,26,5,7
non_plot,LARA,1,2,7.5,1.2,FALSE,0.0992,,0.0215,,1,5/12/17,,,,
non_plot,LARA,1,3,5.5,0.5,FALSE,0.07163,,0.0161,,1,5/12/17,,,,
non_plot,LARA,2,1,6,0.7,FALSE,0.07066,,0.0161,,1,5/12/17,,25,7,7
non_plot,LARA,2,2,5.5,0.5,FALSE,0.06699,,0.0158,,1,5/12/17,,,,
non_plot,LARA,2,3,7,1,FALSE,0.08975,,0.0193,,1,5/12/17,,,,
non_plot,LARA,3,1,5.5,0.6,FALSE,0.07832,,0.0167,,1,5/12/17,,25,6,5
non_plot,LARA,3,2,5,0.6,FALSE,0.06162,,0.0134,,1,5/12/17,,,,
non_plot,LARA,3,3,4.7,0.6,FALSE,0.06064,,0.0125,,1,5/12/17,,,,
non_plot,LARA,4,1,4,0.4,FALSE,0.03187,,0.0065,,1,5/12/17,,21,4,3
non_plot,LARA,4,2,4,0.3,FALSE,0.03108,,0.0068,,1,5/12/17,,,,
non_plot,LARA,4,3,2.5,0.2,FALSE,0.0229,,0.0047,,1,5/12/17,,,,
non_plot,LARA,5,1,7,0.7,FALSE,0.11369,,0.0219,,1,5/12/17,,22,7,5
non_plot,LARA,5,2,8,1,FALSE,0.13094,,0.0245,,1,5/12/17,,,,
non_plot,LARA,5,3,6,0.7,FALSE,0.08532,,0.017,,1,5/12/17,,,,
non_plot,LARA,6,1,7,1,FALSE,0.12693,,0.0274,,1,5/12/17,,33,8,7
non_plot,LARA,6,2,6,0.9,FALSE,0.10107,,0.0225,,1,5/12/17,,,,
non_plot,LARA,6,3,5.2,0.7,FALSE,0.07688,,0.0182,,1,5/12/17,,,,
non_plot,LARA,7,1,7.5,0.7,FALSE,0.09877,,0.0192,,1,5/12/17,,27,4,5
non_plot,LARA,7,2,5.5,0.5,FALSE,0.07049,,0.0153,,1,5/12/17,,,,
non_plot,LARA,7,3,4.5,0.5,FALSE,0.04923,,0.0107,,1,5/12/17,,,,
non_plot,LARA,8,1,5,0.6,FALSE,0.04738,,0.0085,,1,5/12/17,,20,4,4
non_plot,LARA,8,2,4.5,0.6,FALSE,0.04732,,0.0083,,1,5/12/17,,,,
non_plot,LARA,8,3,3.5,0.5,FALSE,0.03223,,0.0064,,1,5/12/17,,,,
non_plot,SIGA,1,1,3,0.7,FALSE,0.05606,,0.0102,,1,5/12/17,,25,10,5
non_plot,SIGA,1,2,2.9,0.7,FALSE,0.04764,,0.0091,,1,5/12/17,,,,
non_plot,SIGA,1,3,2.4,0.5,FALSE,0.03522,,0.007,,1,5/12/17,,,,
non_plot,SIGA,2,1,2.5,0.6,FALSE,0.04152,,0.0062,,1,5/12/17,,38,5,16
non_plot,SIGA,2,2,3.5,0.7,FALSE,0.06746,,0.0116,,1,5/12/17,,,,
non_plot,SIGA,2,3,2.4,0.4,FALSE,0.02138,,0.0045,,1,5/12/17,,,,
non_plot,SIGA,3,1,3,1,FALSE,0.0758,,0.0139,,1,5/12/17,,42,28,36
non_plot,SIGA,3,2,2,0.6,FALSE,0.02946,,0.0055,,1,5/12/17,,,,
non_plot,SIGA,3,3,3.2,0.7,FALSE,0.09616,,0.0163,,1,5/12/17,,,,
non_plot,SIGA,4,1,2.6,0.6,FALSE,0.04601,,0.0078,,1,5/12/17,,41,25,27
non_plot,SIGA,4,2,2.1,0.6,FALSE,0.03321,,0.0047,,1,5/12/17,,,,
non_plot,SIGA,4,3,2.9,0.7,FALSE,0.05117,,0.0088,,1,5/12/17,,,,
non_plot,SIGA,5,1,2.5,0.8,FALSE,0.04564,,0.0077,,1,5/12/17,,37,13,9
non_plot,SIGA,5,2,3.1,0.9,FALSE,0.06671,,0.011,,1,5/12/17,,,,
non_plot,SIGA,5,3,2,0.4,FALSE,0.01782,,0.0037,,1,5/12/17,,,,
non_plot,SIGA,6,1,3,0.9,FALSE,0.06348,,0.0111,,1,5/12/17,,43,20,10
non_plot,SIGA,6,2,2,0.5,FALSE,0.02483,,0.00447,,1,5/12/17,,,,
non_plot,SIGA,6,3,2.2,0.5,FALSE,0.02483,,0.00442,,1,5/12/17,,,,
non_plot,SIGA,7,1,3,0.9,FALSE,0.06826,,0.0101,,1,5/12/17,,38,45,42
non_plot,SIGA,7,2,2.4,0.7,FALSE,0.04494,,0.0074,,1,5/12/17,,,,
non_plot,SIGA,7,3,2.2,0.7,FALSE,0.04642,,0.0078,,1,5/12/17,,,,
non_plot,SIGA,8,1,2.2,0.5,FALSE,0.02663,,0.0053,,1,5/12/17,,19,3,3
non_plot,SIGA,8,2,2,0.4,FALSE,0.02298,,0.0042,,1,5/12/17,,,,
non_plot,SIGA,8,3,1.7,0.2,FALSE,0.0133,,0.0026,,1,5/12/17,,,,
non_plot,CHPA8,1,1,10,4.5,FALSE,2.09055,,0.2025,,1,5/17/17,10,23,26.5,using quarter of plant
non_plot,CHPA8,1,2,9,3,FALSE,0.76801,,0.07821,,1,5/17/17,,,,NOTE: all leaves should be calculated as (4*all-big)+(16*all-small)
non_plot,CHPA8,1,3,4.2,1.9,FALSE,0.19278,,0.01962,,1,5/17/17,,,,
non_plot,CHPA8,2,1,6.2,2,FALSE,0.21053,,0.02449,,1,5/17/17,18,30,24,using quarter of plant
non_plot,CHPA8,2,2,8,2.5,FALSE,0.37901,,0.05095,,1,5/17/17,,,,NOTE: all leaves should be calculated as (4*all-big)+(8*all-small)
non_plot,CHPA8,2,3,5.5,2.2,FALSE,0.26297,,0.03683,,1,5/17/17,,,,
non_plot,CHPA8,3,1,3.5,1.2,FALSE,0.07856,,0.0174,,1,5/17/17,19,17,8,using third of plant
non_plot,CHPA8,3,2,3.5,1.2,FALSE,0.11765,,0.0233,,1,5/17/17,,,,
non_plot,CHPA8,3,3,3.2,0.8,FALSE,0.04786,,0.00854,,1,5/17/17,,,,
non_plot,CHPA8,4,1,3.2,0.8,FALSE,0.04786,,0.00895,,1,5/17/17,16,9,7,
non_plot,CHPA8,4,2,2.5,1.2,FALSE,0.06855,,0.01388,,1,5/17/17,,,,
non_plot,CHPA8,4,3,2.5,1.2,FALSE,0.05452,,0.01192,,1,5/17/17,,,,
non_plot,CHPA8,5,1,2.6,1.2,FALSE,0.07155,,0.016,,1,5/17/17,12,8,8,
non_plot,CHPA8,5,2,2.5,1.2,FALSE,0.05926,,0.01667,,1,5/17/17,,,,
non_plot,CHPA8,5,3,2.5,1.2,FALSE,0.05926,,0.015,,1,5/17/17,,,,
non_plot,CHPA8,6,1,3,1.3,FALSE,0.15991,,0.02364,,1,5/17/17,10,14,14,
non_plot,CHPA8,6,2,2.8,1.4,FALSE,0.13917,,0.01933,,1,5/17/17,,,,
non_plot,CHPA8,6,3,3.1,1.6,FALSE,0.14135,,0.02535,,1,5/17/17,,,,
non_plot,CHPA8,7,1,2.6,1.1,FALSE,0.07091,,0.01431,,1,5/17/17,6,7,6,
non_plot,CHPA8,7,2,2.2,1,FALSE,0.04292,,0.00977,,1,5/17/17,,,,
non_plot,CHPA8,7,3,1.6,0.8,FALSE,0.03882,,0.00637,,1,5/17/17,,,,
non_plot,CHPA8,8,1,3.8,1.5,FALSE,0.20916,,0.02149,,1,5/17/17,9,9,8,
non_plot,CHPA8,8,2,4.2,1.9,FALSE,0.27081,,0.02992,,1,5/17/17,,,,
non_plot,CHPA8,8,3,2.3,1,FALSE,0.08929,,0.00952,,1,5/17/17,,,,
non_plot,GEDI,1,1,,,FALSE,0.0711,0.0419,0.0186,0.0058,1,4/25/19,,,,
non_plot,GEDI,1,2,,,FALSE,0.0526,0.0328,0.0139,0.0044,1,4/25/19,,,,
non_plot,GEDI,1,3,,,FALSE,0.0898,0.0591,0.0221,0.0082,1,4/25/19,,,,
non_plot,GEDI,2,1,,,FALSE,0.0279,0.018,0.0062,0.0025,1,4/25/19,,,,
non_plot,GEDI,2,2,,,FALSE,0.0505,0.0385,0.0133,0.0061,1,4/25/19,,,,
non_plot,GEDI,2,3,,,FALSE,0.0423,0.0113,0.0114,0.002,1,4/25/19,,,,
non_plot,GEDI,3,1,,,FALSE,0.1042,0.0749,0.024,0.0109,1,4/25/19,,,,
non_plot,GEDI,3,2,,,FALSE,0.089,0.0658,0.0197,0.0097,1,4/25/19,,,,
non_plot,GEDI,3,3,,,FALSE,0.0469,0.0164,0.0124,0.0027,1,4/25/19,,,,
non_plot,GEDI,4,1,,,FALSE,0.0919,0.0728,0.0209,0.0113,1,4/25/19,,,,
non_plot,GEDI,4,2,,,FALSE,0.1002,0.0602,0.0246,0.0091,1,4/25/19,,,,
non_plot,GEDI,4,3,,,FALSE,0.0516,0.172,0.0136,0.029,1,4/25/19,,,,
non_plot,GEDI,5,1,,,FALSE,0.1095,0.0422,0.0257,0.0069,1,4/25/19,,,,
non_plot,GEDI,5,2,,,FALSE,0.0628,0.0343,0.0161,0.006,1,4/25/19,,,,
non_plot,GEDI,5,3,,,FALSE,0.0895,0.0351,0.022,0.0064,1,4/25/19,,,,
non_plot,ERGR5,1,1,,,FALSE,0.0299,,0.0078,,1,6/29/19,,,,
non_plot,ERGR5,1,2,,,FALSE,0.0321,,0.0087,,1,6/29/19,,,,
non_plot,ERGR5,1,3,,,FALSE,0.0322,,0.0086,,1,6/29/19,,,,
non_plot,ERGR5,2,1,,,FALSE,0.0242,,0.0066,,1,6/29/19,,,,
non_plot,ERGR5,2,2,,,FALSE,0.0328,,0.0087,,1,6/29/19,,,,
non_plot,ERGR5,2,3,,,FALSE,0.0302,,0.008,,1,6/29/19,,,,
non_plot,ERGR5,3,1,,,FALSE,0.0439,,0.0117,,1,6/29/19,,,,
non_plot,ERGR5,3,2,,,FALSE,0.0323,,0.0088,,1,6/29/19,,,,
non_plot,ERGR5,3,3,,,FALSE,0.0405,,0.0115,,1,6/29/19,,,,
non_plot,ERGR5,4,1,,,FALSE,0.067,,0.0164,,1,6/29/19,,,,
non_plot,ERGR5,4,2,,,FALSE,0.09,,0.023,,1,6/29/19,,,,
non_plot,ERGR5,4,3,,,FALSE,0.0749,,0.0178,,1,6/29/19,,,,
non_plot,ERGR5,5,1,,,FALSE,0.0379,,0.0099,,1,6/29/19,,,,
non_plot,ERGR5,5,2,,,FALSE,0.0366,,0.0106,,1,6/29/19,,,,
non_plot,ERGR5,5,3,,,FALSE,0.0264,,0.0075,,1,6/29/19,,,,
non_plot,ERGR5,6,1,,,FALSE,0.043,,0.0125,,1,6/29/19,,,,
non_plot,ERGR5,6,2,,,FALSE,0.0508,,0.0138,,1,6/29/19,,,,
non_plot,ERGR5,6,3,,,FALSE,0.0506,,0.0117,,1,6/29/19,,,,
non_plot,TRLA4,1,1,,,FALSE,0.0708,,0.0205,,1,6/29/19,,,,
non_plot,TRLA4,1,2,,,FALSE,0.0699,,0.0198,,1,6/29/19,,,,
non_plot,TRLA4,1,3,,,FALSE,0.0746,,0.0216,,1,6/29/19,,,,
non_plot,TRLA4,2,1,,,FALSE,0.06,,0.0165,,1,6/29/19,,,,
non_plot,TRLA4,2,2,,,FALSE,0.0436,,0.0132,,1,6/29/19,,,,
non_plot,TRLA4,2,3,,,FALSE,0.0532,,0.0166,,1,6/29/19,,,,
non_plot,TRLA4,3,1,,,FALSE,0.0567,,0.0191,,1,6/29/19,,,,
non_plot,TRLA4,3,2,,,FALSE,0.056,,0.0212,,1,6/29/19,,,,
non_plot,TRLA4,3,3,,,FALSE,0.0299,,0.0118,,1,6/29/19,,,,
non_plot,TRLA4,4,1,,,FALSE,0.0591,,0.0137,,1,6/29/19,,,,
non_plot,TRLA4,4,2,,,FALSE,0.0614,,0.0184,,1,6/29/19,,,,
non_plot,TRLA4,4,3,,,FALSE,0.0396,,0.0138,,1,6/29/19,,,,
non_plot,TRLA4,5,1,,,FALSE,0.0411,,0.0116,,1,6/29/19,,,,
non_plot,TRLA4,5,2,,,FALSE,0.0543,,0.0167,,1,6/29/19,,,,
non_plot,TRLA4,5,3,,,FALSE,0.0593,,0.0171,,1,6/29/19,,,,
non_plot,TRLA4,6,1,,,FALSE,0.0539,,0.0132,,1,6/29/19,,,,
non_plot,TRLA4,6,2,,,FALSE,0.1093,,0.0373,,1,6/29/19,,,,
non_plot,TRLA4,6,3,,,FALSE,0.0367,,0.0125,,1,6/29/19,,,,
non_plot,TRLA4,7,1,,,FALSE,0.0357,,0.0108,,1,6/29/19,,,,
non_plot,TRLA4,7,2,,,FALSE,0.0164,,0.0053,,1,6/29/19,,,,
non_plot,TRLA4,7,3,,,FALSE,0.021,,0.0078,,1,6/29/19,,,,
non_plot,TRLA4,8,1,,,FALSE,0.0213,,0.0066,,1,6/29/19,,,,
non_plot,TRLA4,8,2,,,FALSE,0.0248,,0.0081,,1,6/29/19,,,,
non_plot,TRLA4,8,3,,,FALSE,0.017,,0.0059,,1,6/29/19,,,,
UCLA,STME2,1,1,,,FALSE,0.029,,0.0024,,1,12/2/19,,,,
UCLA,STME2,1,2,,,FALSE,0.0295,,0.0028,,1,12/2/19,,,,
UCLA,STME2,1,3,,,FALSE,0.029,,0.0025,,1,12/2/19,,,,
UCLA,STME2,2,1,,,FALSE,0.0396,,0.0034,,1,12/2/19,,,,
UCLA,STME2,2,2,,,FALSE,0.0417,,0.0039,,1,12/2/19,,,,
UCLA,STME2,2,3,,,FALSE,0.0172,,0.002,,1,12/2/19,,,,
UCLA,STME2,3,1,,,FALSE,0.03,,0.0037,,1,12/2/19,,,,
UCLA,STME2,3,2,,,FALSE,0.0295,,0.0036,,1,12/2/19,,,,
UCLA,STME2,3,3,,,FALSE,0.0295,,0.0033,,1,12/2/19,,,,
UCLA,STME2,4,1,,,FALSE,0.0279,,0.0035,,1,12/2/19,,,,
UCLA,STME2,4,2,,,FALSE,0.0285,,0.0035,,1,12/2/19,,,,
UCLA,STME2,4,3,,,FALSE,0.0285,,0.0035,,1,12/2/19,,,,
UCLA,STME2,5,1,,,FALSE,0.0508,,0.0041,,1,12/2/19,,,,
UCLA,STME2,5,2,,,FALSE,0.0479,,0.0036,,1,12/2/19,,,,
UCLA,STME2,5,3,,,FALSE,0.0369,,0.0029,,1,12/2/19,,,,
UCLA,STME2,6,1,,,FALSE,0.0295,,0.003,,1,12/2/19,,,,
UCLA,STME2,6,2,,,FALSE,0.0164,,0.0018,,1,12/2/19,,,,
UCLA,STME2,6,3,,,FALSE,0.0273,,0.0024,,1,12/2/19,,,,
UCLA,STME2,7,1,,,FALSE,0.0245,,0.0023,,1,12/2/19,,,,
UCLA,STME2,7,2,,,FALSE,0.0182,,0.0015,,1,12/2/19,,,,
UCLA,STME2,7,3,,,FALSE,0.019,,0.0017,,1,12/2/19,,,,
UCLA,STME2,8,1,,,FALSE,0.0196,,0.0021,,1,12/2/19,,,,
UCLA,STME2,8,2,,,FALSE,0.0359,,0.0035,,1,12/2/19,,,,
UCLA,STME2,8,3,,,FALSE,0.0314,,0.0029,,1,12/2/19,,,,
UCLA,GIACM2,1,1,,,FALSE,0.108,,0.011,,1,12/3/19,,,,
UCLA,GIACM2,1,2,,,FALSE,0.1384,,0.0135,,1,12/3/19,,,,
UCLA,GIACM2,1,3,,,FALSE,0.1246,,0.0123,,1,12/3/19,,,,
UCLA,GIACM2,2,1,,,FALSE,0.1232,,0.011,,1,12/3/19,,,,
UCLA,GIACM2,2,2,,,FALSE,0.1319,,0.0132,,1,12/3/19,,,,
UCLA,GIACM2,2,3,,,FALSE,0.1039,,0.011,,1,12/3/19,,,,
UCLA,GIACM2,3,1,,,FALSE,0.1343,,0.0109,,1,12/3/19,,,,
UCLA,GIACM2,3,2,,,FALSE,0.1303,,0.0111,,1,12/3/19,,,,
UCLA,GIACM2,3,3,,,FALSE,0.1495,,0.0132,,1,12/3/19,,,,
UCLA,GIACM2,4,1,,,FALSE,0.1157,,0.0126,,1,12/3/19,,,,
UCLA,GIACM2,4,2,,,FALSE,0.0936,,0.0115,,1,12/3/19,,,,
UCLA,GIACM2,4,3,,,FALSE,0.1014,,0.0118,,1,12/3/19,,,,
UCLA,GIACM2,5,1,,,FALSE,0.1315,,0.0137,,1,12/3/19,,,,
UCLA,GIACM2,5,2,,,FALSE,0.1452,,0.0168,,1,12/3/19,,,,
UCLA,GIACM2,5,3,,,FALSE,0.099,,0.0106,,1,12/3/19,,,,
UCLA,GIACM2,6,1,,,FALSE,0.1183,,0.012,,1,12/3/19,,,,
UCLA,GIACM2,6,2,,,FALSE,0.0974,,0.0099,,1,12/3/19,,,,
UCLA,GIACM2,6,3,,,FALSE,0.0518,,0.0048,,1,12/3/19,,,,
UCLA,GIACM2,7,1,,,FALSE,0.0753,,0.0076,,1,12/3/19,,,,
UCLA,GIACM2,7,2,,,FALSE,0.0931,,0.0123,,1,12/3/19,,,,
UCLA,GIACM2,7,3,,,FALSE,0.0894,,0.011,,1,12/3/19,,,,
UCLA,GIACM2,8,1,,,FALSE,0.0783,,0.0106,,1,12/3/19,,,,
UCLA,GIACM2,8,2,,,FALSE,0.0788,,0.0099,,1,12/3/19,,,,
UCLA,GIACM2,8,3,,,FALSE,0.0581,,0.008,,1,12/3/19,,,,
UCLA,MIEL,1,1,,,FALSE,0.1132,,0.0097,,1,12/4/19,,,,
UCLA,MIEL,1,2,,,FALSE,0.0918,,0.0093,,1,12/4/19,,,,
UCLA,MIEL,1,3,,,FALSE,0.0926,,0.0093,,1,12/4/19,,,,
UCLA,MIEL,2,1,,,FALSE,0.1055,,0.0097,,1,12/4/19,,,,
UCLA,MIEL,2,2,,,FALSE,0.0781,,0.0061,,1,12/4/19,,,,
UCLA,MIEL,2,3,,,FALSE,0.1195,,0.0108,,1,12/4/19,,,,
UCLA,MIEL,3,1,,,FALSE,0.0988,,0.0092,,1,12/4/19,,,,
UCLA,MIEL,3,2,,,FALSE,0.0914,,0.0091,,1,12/4/19,,,,
UCLA,MIEL,3,3,,,FALSE,0.103,,0.0089,,1,12/4/19,,,,
UCLA,MIEL,4,1,,,FALSE,0.134,,0.0128,,1,12/4/19,,,,
UCLA,MIEL,4,2,,,FALSE,0.0937,,0.0076,,1,12/4/19,,,,
UCLA,MIEL,4,3,,,FALSE,0.1175,,0.0127,,1,12/4/19,,,,
UCLA,MIEL,5,1,,,FALSE,0.0707,,0.0064,,1,12/4/19,,,,
UCLA,MIEL,5,2,,,FALSE,0.0669,,0.0064,,1,12/4/19,,,,
UCLA,MIEL,5,3,,,FALSE,0.0611,,0.0052,,1,12/4/19,,,,
UCLA,MIEL,6,1,,,FALSE,0.0417,,0.004,,1,12/4/19,,,,
UCLA,MIEL,6,2,,,FALSE,0.0363,,0.0034,,1,12/4/19,,,,
UCLA,MIEL,6,3,,,FALSE,0.0426,,0.0032,,1,12/4/19,,,,
UCLA,MIEL,7,1,,,FALSE,0.0918,,0.0086,,1,12/4/19,,,,
UCLA,MIEL,7,2,,,FALSE,0.0688,,0.0068,,1,12/4/19,,,,
UCLA,MIEL,7,3,,,FALSE,0.0952,,0.0091,,1,12/4/19,,,,
UCLA,CRCO34,1,1,,,FALSE,0.0285,,0.0015,,15,12/5/19,,,,
UCLA,CRCO34,2,1,,,FALSE,0.0245,,0.0006,,15,12/5/19,,,,
UCLA,CRCO34,3,1,,,FALSE,0.0229,,0.0011,,15,12/5/19,,,,
UCLA,CRCO34,4,1,,,FALSE,0.0389,,0.0017,,15,12/5/19,,,,
UCLA,CRCO34,5,1,,,FALSE,0.0302,,0.0014,,15,12/5/19,,,,
UCLA,CRCO34,6,1,,,FALSE,0.0289,,0.0016,,15,12/5/19,,,,
UCLA,CRCO34,7,1,,,FALSE,0.0401,,0.0019,,15,12/5/19,,,,
UCLA,CRCO34,8,1,,,FALSE,0.0406,,0.0018,,15,12/5/19,,,,
UCLA,MIDO,1,1,,,FALSE,0.1098,,0.0122,,1,12/6/19,,,,
UCLA,MIDO,1,2,,,FALSE,0.148,,0.0165,,1,12/6/19,,,,
UCLA,MIDO,1,3,,,FALSE,0.1319,,0.0137,,1,12/6/19,,,,
UCLA,MIDO,2,1,,,FALSE,0.143,,0.0129,,1,12/6/19,,,,
UCLA,MIDO,2,2,,,FALSE,0.1216,,0.0112,,1,12/6/19,,,,
UCLA,MIDO,2,3,,,FALSE,0.1406,,,,1,12/6/19,missing leaf,,,
UCLA,MIDO,2,3,,,FALSE,0.1389,,0.0128,,1,12/6/19,,,,
UCLA,MIDO,3,1,,,FALSE,0.1794,,0.0162,,1,12/6/19,,,,
UCLA,MIDO,3,2,,,FALSE,0.1904,,0.0179,,1,12/6/19,,,,
UCLA,MIDO,3,3,,,FALSE,0.167,,0.0173,,1,12/6/19,,,,
UCLA,MIDO,4,1,,,FALSE,0.1443,,0.0161,,1,12/6/19,,,,
UCLA,MIDO,4,2,,,FALSE,0.1444,,0.0175,,1,12/6/19,,,,
UCLA,MIDO,4,3,,,FALSE,0.1165,,0.0123,,1,12/6/19,,,,
UCLA,MIDO,5,1,,,FALSE,0.1094,,0.0114,,1,12/6/19,,,,
UCLA,MIDO,5,2,,,FALSE,0.1184,,0.0122,,1,12/6/19,,,,
UCLA,MIDO,5,3,,,FALSE,0.1122,,0.0117,,1,12/6/19,,,,
UCLA,MIDO,6,1,,,FALSE,0.167,,0.0175,,1,12/6/19,,,,
UCLA,MIDO,6,2,,,FALSE,0.1317,,0.0108,,1,12/6/19,,,,
UCLA,MIDO,6,3,,,FALSE,0.1676,,0.0164,,1,12/6/19,,,,
UCLA,MIDO,7,1,,,FALSE,0.1454,,0.0132,,1,12/6/19,,,,
UCLA,MIDO,7,2,,,FALSE,0.1394,,0.0136,,1,12/6/19,,,,
UCLA,MIDO,7,3,,,FALSE,0.1795,,0.0164,,1,12/6/19,,,,
UCLA,MIDO,8,1,,,FALSE,0.1729,,0.0162,,1,12/6/19,,,,
UCLA,MIDO,8,2,,,FALSE,0.181,,0.0163,,1,12/6/19,,,,
UCLA,MIDO,8,3,,,FALSE,0.1568,,0.0135,,1,12/6/19,,,,
UCLA,AGHE2,1,1,,,FALSE,0.1881,,0.0235,,1,12/9/19,,,,
UCLA,AGHE2,1,2,,,FALSE,0.232,,0.0298,,1,12/9/19,,,,
UCLA,AGHE2,1,3,,,FALSE,0.2003,,0.0211,,1,12/9/19,,,,
UCLA,AGHE2,2,1,,,FALSE,0.1304,,0.0195,,1,12/9/19,,,,
UCLA,AGHE2,2,2,,,FALSE,0.1328,,0.0208,,1,12/9/19,,,,
UCLA,AGHE2,2,3,,,FALSE,0.1142,,0.0164,,1,12/9/19,,,,
UCLA,AGHE2,3,1,,,FALSE,0.1024,,0.0126,,1,12/9/19,,,,
UCLA,AGHE2,3,2,,,FALSE,0.1127,,0.0128,,1,12/9/19,,,,
UCLA,AGHE2,3,3,,,FALSE,0.0876,,0.0111,,1,12/9/19,,,,
UCLA,AGHE2,4,1,,,FALSE,0.1513,,0.0136,,1,12/9/19,,,,
UCLA,AGHE2,4,2,,,FALSE,0.1386,,0.0136,,1,12/9/19,,,,
UCLA,AGHE2,4,3,,,FALSE,0.1841,,0.0167,,1,12/9/19,,,,
UCLA,AGHE2,5,1,,,FALSE,0.1308,,0.0102,,1,12/9/19,,,,
UCLA,AGHE2,5,2,,,FALSE,0.2018,,0.0171,,1,12/9/19,,,,
UCLA,AGHE2,5,3,,,FALSE,0.1836,,0.0161,,1,12/9/19,,,,
UCLA,AGHE2,6,1,,,FALSE,0.0783,,0.0069,,1,12/9/19,,,,
UCLA,AGHE2,6,2,,,FALSE,0.0854,,0.0077,,1,12/9/19,,,,
UCLA,AGHE2,6,3,,,FALSE,0.0843,,0.0074,,1,12/9/19,,,,
UCLA,AGHE2,7,1,,,FALSE,0.1191,,0.0107,,1,12/9/19,,,,
UCLA,AGHE2,7,2,,,FALSE,0.1318,,0.0125,,1,12/9/19,,,,
UCLA,AGHE2,7,3,,,FALSE,0.0876,,0.0081,,1,12/9/19,,,,
UCLA,AGHE2,8,1,,,FALSE,0.1155,,0.0148,,1,12/9/19,,,,
UCLA,AGHE2,8,2,,,FALSE,0.1167,,0.0143,,1,12/9/19,,,,
UCLA,AGHE2,8,3,,,FALSE,0.1156,,0.0144,,1,12/9/19,,,,
UCLA,LOGA2,1,1,,,FALSE,0.0087,,0.0009,,1,12/9/19,,,,
UCLA,LOGA2,1,2,,,FALSE,0.0083,,0.0006,,1,12/9/19,,,,
UCLA,LOGA2,1,3,,,FALSE,0.0042,,0.0004,,1,12/9/19,,,,
UCLA,LOGA2,2,1,,,FALSE,0.0108,,0.0009,,1,12/9/19,,,,
UCLA,LOGA2,2,2,,,FALSE,0.0103,,0.0009,,1,12/9/19,,,,
UCLA,LOGA2,2,3,,,FALSE,0.0105,,0.001,,1,12/9/19,,,,
UCLA,LOGA2,3,1,,,FALSE,0.0109,,0.0008,,1,12/9/19,,,,
UCLA,LOGA2,3,2,,,FALSE,0.0114,,0.0009,,1,12/9/19,,,,
UCLA,LOGA2,3,3,,,FALSE,0.0117,,0.0008,,1,12/9/19,,,,
UCLA,LOGA2,4,1,,,FALSE,0.0054,,0.0006,,1,12/9/19,,,,
UCLA,LOGA2,4,2,,,FALSE,0.0088,,0.0008,,1,12/9/19,,,,
UCLA,LOGA2,4,3,,,FALSE,0.0099,,0.001,,1,12/9/19,,,,
UCLA,LOGA2,5,1,,,FALSE,0.0099,,,,1,12/9/19,leaf missing from envelope,,,
UCLA,LOGA2,5,2,,,FALSE,0.0103,,0.0011,,1,12/9/19,,,,
UCLA,LOGA2,5,3,,,FALSE,0.0106,,0.0009,,1,12/9/19,,,,
UCLA,LOGA2,6,1,,,FALSE,0.0135,,0.0011,,1,12/9/19,,,,
UCLA,LOGA2,6,2,,,FALSE,0.0113,,0.0009,,1,12/9/19,,,,
UCLA,LOGA2,6,3,,,FALSE,0.0114,,0.0011,,1,12/9/19,,,,
UCLA,LOGA2,7,1,,,FALSE,0.0138,,0.0015,,1,12/9/19,,,,
UCLA,LOGA2,7,2,,,FALSE,0.0145,,0.0013,,1,12/9/19,,,,
UCLA,LOGA2,7,3,,,FALSE,0.0167,,0.0015,,1,12/9/19,,,,
UCLA,LOGA2,8,1,,,FALSE,0.0078,,0.0008,,1,12/9/19,,,,
UCLA,LOGA2,8,2,,,FALSE,0.0082,,0.0006,,1,12/9/19,,,,
UCLA,LOGA2,8,3,,,FALSE,0.01,,0.0008,,1,12/9/19,,,,
UCLA,ACMO2,1,1,,,FALSE,0.4311,,0.0361,,1,12/12/19,,,,
UCLA,ACMO2,1,2,,,FALSE,0.4362,,0.0353,,1,12/12/19,,,,
UCLA,ACMO2,1,3,,,FALSE,0.3908,,0.0331,,1,12/12/19,,,,
UCLA,ACMO2,2,1,,,FALSE,0.3416,,0.03,,1,12/12/19,,,,
UCLA,ACMO2,2,2,,,FALSE,0.2623,,0.0244,,1,12/12/19,,,,
UCLA,ACMO2,2,3,,,FALSE,0.3777,,0.0314,,1,12/12/19,,,,
UCLA,ACMO2,3,1,,,FALSE,0.161,,0.0148,,1,12/12/19,,,,
UCLA,ACMO2,3,2,,,FALSE,0.4294,,0.0373,,1,12/12/19,,,,
UCLA,ACMO2,3,3,,,FALSE,0.4044,,0.0377,,1,12/12/19,,,,
UCLA,ACMO2,4,1,,,FALSE,0.2099,,0.0197,,1,12/12/19,,,,
UCLA,ACMO2,4,2,,,FALSE,0.1346,,0.0145,,1,12/12/19,,,,
UCLA,ACMO2,4,3,,,FALSE,0.3145,,0.0274,,1,12/12/19,,,,
UCLA,ACMO2,5,1,,,FALSE,0.3378,,0.0283,,1,12/12/19,,,,
UCLA,ACMO2,5,2,,,FALSE,0.2076,,0.0179,,1,12/12/19,,,,
UCLA,ACMO2,5,3,,,FALSE,0.3595,,0.0289,,1,12/12/19,,,,
UCLA,ACMO2,6,1,,,FALSE,0.2544,,0.0219,,1,12/12/19,,,,
UCLA,ACMO2,6,2,,,FALSE,0.2671,,0.0211,,1,12/12/19,,,,
UCLA,ACMO2,6,3,,,FALSE,0.2671,,0.0189,,1,12/12/19,,,,
UCLA,ACMO2,7,1,,,FALSE,0.145,,0.0112,,1,12/12/19,,,,
UCLA,ACMO2,7,2,,,FALSE,0.234,,0.0206,,1,12/12/19,,,,
UCLA,ACMO2,7,3,,,FALSE,0.2293,,0.0213,,1,12/12/19,,,,
UCLA,ACMO2,8,1,,,FALSE,0.1598,,0.0152,,1,12/12/19,,,,
UCLA,ACMO2,8,2,,,FALSE,0.2777,,0.0261,,1,12/12/19,,,,
UCLA,ACMO2,8,3,,,FALSE,0.2792,,0.0247,,1,12/12/19,,,,
UCLA ,LOGA2,1,1,,,FALSE,0.0224,,0.0031,,5,1/7/20,,,,
UCLA ,LOGA2,1,2,,,FALSE,0.0236,,0.0039,,5,1/7/20,,,,
UCLA ,LOGA2,1,3,,,FALSE,0.0222,,0.0034,,5,1/7/20,,,,
UCLA ,LOGA2,2,1,,,FALSE,0.0335,,0.0051,,5,1/7/20,,,,
UCLA ,LOGA2,2,2,,,FALSE,0.0232,,0.0046,,5,1/7/20,,,,
UCLA ,LOGA2,2,3,,,FALSE,0.0426,,0.0073,,5,1/7/20,,,,
UCLA ,LOGA2,3,1,,,FALSE,0.0356,,0.0053,,5,1/7/20,,,,
UCLA ,LOGA2,3,2,,,FALSE,0.055,,0.0093,,5,1/7/20,,,,
UCLA ,LOGA2,3,3,,,FALSE,0.0299,,0.0058,,5,1/7/20,,,,
UCLA ,LOGA2,4,1,,,FALSE,0.1352,,0.0165,,15,1/7/20,,,,
UCLA ,LOGA2,5,1,,,FALSE,0.1519,,0.0214,,15,1/7/20,,,,
UCLA ,LOGA2,6,1,,,FALSE,0.1681,,0.0238,,15,1/7/20,,,,
UCLA ,LOGA2,7,1,,,FALSE,0.0742,,0.0105,,15,1/7/20,,,,
UCLA ,LOGA2,8,1,,,FALSE,0.0852,,0.0134,,15,1/7/20,,,,
UCLA ,CLPE,1,1,,,TRUE,0.1288,,0.0103,,1,1/9/20,,,,
UCLA ,CLPE,1,2,,,TRUE,0.1217,,0.0088,,1,1/9/20,,,,
UCLA ,CLPE,1,3,,,TRUE,0.1188,,0.0072,,1,1/9/20,,,,
UCLA ,CLPE,2,1,,,TRUE,0.198,,0.018,,1,1/9/20,,,,
UCLA ,CLPE,2,2,,,TRUE,0.1724,,0.0168,,1,1/9/20,,,,
UCLA ,CLPE,2,3,,,TRUE,0.1414,,0.0133,,1,1/9/20,,,,
UCLA ,CLPE,3,1,,,TRUE,0.3365,,0.0239,,1,1/9/20,,,,
UCLA ,CLPE,3,2,,,TRUE,0.2867,,0.0206,,1,1/9/20,,,,
UCLA ,CLPE,3,3,,,TRUE,0.2667,,0.0206,,1,1/9/20,,,,
UCLA,CLPE,4,1,,,TRUE,0.0811,,0.0046,,1,1/9/20,,,,
UCLA,CLPE,4,2,,,TRUE,0.1073,,0.0062,,1,1/9/20,,,,
UCLA,CLPE,4,3,,,TRUE,0.0813,,0.0065,,1,1/9/20,,,,
UCLA,CLPE,5,1,,,TRUE,0.0635,,0.0066,,1,1/9/20,,,,
UCLA,CLPE,5,2,,,TRUE,0.0641,,0.0062,,1,1/9/20,,,,
UCLA,CLPE,5,3,,,TRUE,0.066,,0.0068,,1,1/9/20,,,,
UCLA,CLPE,6,1,,,TRUE,0.1869,,0.0124,,1,1/9/20,,,,
UCLA,CLPE,6,2,,,TRUE,0.2312,,0.0118,,1,1/9/20,,,,
UCLA,CLPE,6,3,,,TRUE,0.1496,,0.0107,,1,1/9/20,,,,
UCLA,CLPE,7,1,,,TRUE,0.1702,,0.0143,,1,1/9/20,,,,
UCLA,CLPE,7,2,,,TRUE,0.1737,,0.0141,,1,1/9/20,,,,
UCLA,CLPE,7,3,,,TRUE,0.1635,,0.0121,,1,1/9/20,,,,
UCLA,CLPE,8,1,,,TRUE,0.1357,,0.0161,,1,1/9/20,,,,
UCLA,CLPE,8,2,,,TRUE,0.1074,,0.0102,,1,1/9/20,,,,
UCLA,CLPE,8,3,,,TRUE,0.1297,,0.0123,,1,1/9/20,,,,
UCLA,CLPE,9,1,,,TRUE,0.1009,,0.012,,1,1/9/20,,,,
UCLA,CLPE,9,2,,,TRUE,0.1331,,0.0149,,1,1/9/20,,,,
UCLA,CLPE,9,3,,,TRUE,0.0795,,0.0108,,1,1/9/20,,,,
UCLA,ANFI3,1,1,,,FALSE,0.0736,,0.0118,,15,1/9/20,,,,
UCLA,ANFI3,1,2,,,FALSE,0.0755,,0.0122,,15,1/9/20,,,,
UCLA,LOCA19,5,1,,,FALSE,0.0613,,0.0102,,15,1/9/20,,,,
UCLA,LOCA19,4,1,,,FALSE,0.1194,,0.0205,,15,1/9/20,,,,
UCLA,LOCA19,3,1,,,FALSE,0.1004,,0.02,,15,1/9/20,,,,
UCLA,LOCA19,2,2,,,FALSE,0.1003,,0.0183,,15,1/9/20,,,,
UCLA,LOCA19,2,1,,,FALSE,0.1162,,0.0205,,15,1/9/20,,,,
UCLA,LOCA19,1,2,,,FALSE,0.0822,,0.0163,,15,1/9/20,,,,
UCLA,LOCA19,1,1,,,FALSE,0.0785,,0.0141,,10,1/9/20,,,,
UCLA,MIDO3,1,1,,,FALSE,0.1445,,0.0201,,15,1/31/20,,,,
UCLA,MIDO3,2,1,,,FALSE,0.1005,,0.0127,,15,1/31/20,,,,
UCLA,MIDO3,3,1,,,FALSE,0.14,,0.0159,,15,1/31/20,,,,
UCLA,MIDO3,4,1,,,FALSE,0.1196,,0.0131,,15,1/31/20,,,,
UCLA,MIDO3,5,1,,,FALSE,0.1711,,0.0176,,15,1/31/20,,,,
UCLA,MIDO3,6,1,,,FALSE,0.0625,,0.0074,,15,1/31/20,,,,
UCLA,MIDO3,7,1,,,FALSE,0.177,,0.0226,,15,1/31/20,,,,
UCLA,MIDO3,8,1,,,FALSE,0.1122,,0.0152,,15,1/31/20,,,,
UCLA,ANFI3,2,1,,,FALSE,0.073,,0.0127,,15,2/4/20,,,,
UCLA,ANFI3,3,1,,,FALSE,0.0762,,0.0162,,15,2/4/20,,,,
UCLA,ANFI3,4,1,,,FALSE,0.0723,,0.0122,,15,2/4/20,,,,
UCLA,ANFI3,5,1,,,FALSE,0.0885,,0.0132,,15,2/4/20,,,,
UCLA,RILE2,1,1,,,FALSE,0.0856,,0.0139,,5,2/4/20,,,,
UCLA,RILE2,2,1,,,FALSE,0.172,,0.0264,,5,2/4/20,,,,
UCLA,RILE2,3,1,,,FALSE,0.0915,,0.0165,,5,2/4/20,,,,
UCLA,RILE2,4,1,,,FALSE,0.1051,,0.014,,5,2/4/20,,,,
UCLA,RILE2,5,1,,,FALSE,0.0963,,0.0154,,5,2/4/20,,,,
UCLA,RILE2,6,1,,,FALSE,0.1613,,0.0192,,5,2/4/20,,,,
UCLA,RILE2,7,1,,,FALSE,0.055,,0.0066,,5,2/4/20,,,,
UCLA,RILE2,8,1,,,FALSE,0.0493,,0.0085,,5,2/4/20,,,,